-- MariaDB dump 10.17  Distrib 10.4.10-MariaDB, for Win64 (AMD64)
--
-- Host: localhost    Database: lilongwe_private
-- ------------------------------------------------------
-- Server version	10.4.10-MariaDB

/*!40101 SET @OLD_CHARACTER_SET_CLIENT=@@CHARACTER_SET_CLIENT */;
/*!40101 SET @OLD_CHARACTER_SET_RESULTS=@@CHARACTER_SET_RESULTS */;
/*!40101 SET @OLD_COLLATION_CONNECTION=@@COLLATION_CONNECTION */;
/*!40101 SET NAMES utf8 */;
/*!40103 SET @OLD_TIME_ZONE=@@TIME_ZONE */;
/*!40103 SET TIME_ZONE='+00:00' */;
/*!40014 SET @OLD_UNIQUE_CHECKS=@@UNIQUE_CHECKS, UNIQUE_CHECKS=0 */;
/*!40014 SET @OLD_FOREIGN_KEY_CHECKS=@@FOREIGN_KEY_CHECKS, FOREIGN_KEY_CHECKS=0 */;
/*!40101 SET @OLD_SQL_MODE=@@SQL_MODE, SQL_MODE='NO_AUTO_VALUE_ON_ZERO' */;
/*!40111 SET @OLD_SQL_NOTES=@@SQL_NOTES, SQL_NOTES=0 */;

--
-- Table structure for table `accountants`
--

DROP TABLE IF EXISTS `accountants`;
/*!40101 SET @saved_cs_client     = @@character_set_client */;
/*!40101 SET character_set_client = utf8 */;
CREATE TABLE `accountants` (
  `id` int(11) NOT NULL AUTO_INCREMENT,
  `firstname` varchar(255) NOT NULL,
  `middlename` varchar(255) DEFAULT NULL,
  `lastname` varchar(255) NOT NULL,
  `phone` varchar(100) NOT NULL,
  `address` varchar(255) NOT NULL,
  `qualifications` varchar(255) NOT NULL,
  `email` varchar(255) NOT NULL,
  `experience` varchar(255) NOT NULL,
  `date_joined` date NOT NULL,
  PRIMARY KEY (`id`)
) ENGINE=MyISAM AUTO_INCREMENT=2 DEFAULT CHARSET=latin1;
/*!40101 SET character_set_client = @saved_cs_client */;

--
-- Dumping data for table `accountants`
--

LOCK TABLES `accountants` WRITE;
/*!40000 ALTER TABLE `accountants` DISABLE KEYS */;
/*!40000 ALTER TABLE `accountants` ENABLE KEYS */;
UNLOCK TABLES;

--
-- Table structure for table `assignment_type`
--

DROP TABLE IF EXISTS `assignment_type`;
/*!40101 SET @saved_cs_client     = @@character_set_client */;
/*!40101 SET character_set_client = utf8 */;
CREATE TABLE `assignment_type` (
  `id` int(11) NOT NULL AUTO_INCREMENT,
  `name` varchar(255) NOT NULL,
  `description` text NOT NULL,
  PRIMARY KEY (`id`)
) ENGINE=InnoDB AUTO_INCREMENT=5 DEFAULT CHARSET=latin1;
/*!40101 SET character_set_client = @saved_cs_client */;

--
-- Dumping data for table `assignment_type`
--

LOCK TABLES `assignment_type` WRITE;
/*!40000 ALTER TABLE `assignment_type` DISABLE KEYS */;
INSERT INTO `assignment_type` VALUES (1,'CE1','first assignment'),(2,'CE2','second assignment');
/*!40000 ALTER TABLE `assignment_type` ENABLE KEYS */;
UNLOCK TABLES;

--
-- Table structure for table `assignments`
--

DROP TABLE IF EXISTS `assignments`;
/*!40101 SET @saved_cs_client     = @@character_set_client */;
/*!40101 SET character_set_client = utf8 */;
CREATE TABLE `assignments` (
  `id` int(11) NOT NULL AUTO_INCREMENT,
  `title` varchar(145) NOT NULL,
  `assignment_url` varchar(255) NOT NULL,
  `due_date` date NOT NULL,
  `academic_year` year(4) NOT NULL,
  `terms_id` int(11) NOT NULL,
  `staff_id` varchar(255) NOT NULL,
  `subjects_id` int(11) NOT NULL,
  `assignment_type_id` int(11) DEFAULT NULL,
  PRIMARY KEY (`id`),
  KEY `fk_assignments_terms1_idx` (`terms_id`),
  KEY `fk_assignments_staff1_idx` (`staff_id`),
  KEY `fk_assignments_subjects1_idx` (`subjects_id`),
  KEY `assignment_type_id` (`assignment_type_id`),
  CONSTRAINT `fk_assignments_staff1` FOREIGN KEY (`staff_id`) REFERENCES `staff` (`id`) ON DELETE NO ACTION ON UPDATE NO ACTION,
  CONSTRAINT `fk_assignments_subjects1` FOREIGN KEY (`subjects_id`) REFERENCES `subjects` (`id`) ON DELETE NO ACTION ON UPDATE NO ACTION,
  CONSTRAINT `fk_assignments_terms1` FOREIGN KEY (`terms_id`) REFERENCES `terms` (`id`) ON DELETE NO ACTION ON UPDATE NO ACTION
) ENGINE=InnoDB AUTO_INCREMENT=29 DEFAULT CHARSET=utf8;
/*!40101 SET character_set_client = @saved_cs_client */;

--
-- Dumping data for table `assignments`
--

LOCK TABLES `assignments` WRITE;
/*!40000 ALTER TABLE `assignments` DISABLE KEYS */;
INSERT INTO `assignments` VALUES (25,'Triangles','null (1).docx','2020-06-27',2020,1,'0212463690',3,1),(26,'Triangles Part 2','IDEAS FOR EARTHLOOM WEBSITE.odt','2020-06-27',2020,1,'0212463690',3,2),(27,'Bonjour','IDEAS FOR EARTHLOOM WEBSITE.odt','2020-07-11',2020,1,'0212463690',7,1),(28,'Bonjour 2','Mo&Mic for the Website.doc','2020-07-10',2020,1,'0212463690',7,2);
/*!40000 ALTER TABLE `assignments` ENABLE KEYS */;
UNLOCK TABLES;

--
-- Table structure for table `attendance`
--

DROP TABLE IF EXISTS `attendance`;
/*!40101 SET @saved_cs_client     = @@character_set_client */;
/*!40101 SET character_set_client = utf8 */;
CREATE TABLE `attendance` (
  `id` int(11) NOT NULL AUTO_INCREMENT,
  `academic_year` year(4) NOT NULL,
  `date_recorded` datetime NOT NULL,
  `attendance` int(11) NOT NULL DEFAULT 1,
  `students_student_no` varchar(45) NOT NULL,
  `sub_classes_id` int(11) NOT NULL,
  `terms_id` int(11) NOT NULL,
  PRIMARY KEY (`id`),
  KEY `students_student_no` (`students_student_no`),
  KEY `sub_classes_id` (`sub_classes_id`),
  KEY `terms_id` (`terms_id`)
) ENGINE=MyISAM DEFAULT CHARSET=latin1;
/*!40101 SET character_set_client = @saved_cs_client */;

--
-- Dumping data for table `attendance`
--

LOCK TABLES `attendance` WRITE;
/*!40000 ALTER TABLE `attendance` DISABLE KEYS */;
/*!40000 ALTER TABLE `attendance` ENABLE KEYS */;
UNLOCK TABLES;

--
-- Table structure for table `blood_type`
--

DROP TABLE IF EXISTS `blood_type`;
/*!40101 SET @saved_cs_client     = @@character_set_client */;
/*!40101 SET character_set_client = utf8 */;
CREATE TABLE `blood_type` (
  `id` int(11) NOT NULL,
  `name` varchar(45) NOT NULL,
  PRIMARY KEY (`id`)
) ENGINE=InnoDB DEFAULT CHARSET=utf8;
/*!40101 SET character_set_client = @saved_cs_client */;

--
-- Dumping data for table `blood_type`
--

LOCK TABLES `blood_type` WRITE;
/*!40000 ALTER TABLE `blood_type` DISABLE KEYS */;
INSERT INTO `blood_type` VALUES (1,'O positive'),(2,'O negative'),(3,'A positive'),(4,'A negative'),(5,'B positive'),(6,'B negative'),(7,'AB positive'),(8,'AB negative');
/*!40000 ALTER TABLE `blood_type` ENABLE KEYS */;
UNLOCK TABLES;

--
-- Table structure for table `book_status`
--

DROP TABLE IF EXISTS `book_status`;
/*!40101 SET @saved_cs_client     = @@character_set_client */;
/*!40101 SET character_set_client = utf8 */;
CREATE TABLE `book_status` (
  `id` int(11) NOT NULL,
  `name` varchar(45) NOT NULL,
  PRIMARY KEY (`id`)
) ENGINE=InnoDB DEFAULT CHARSET=utf8;
/*!40101 SET character_set_client = @saved_cs_client */;

--
-- Dumping data for table `book_status`
--

LOCK TABLES `book_status` WRITE;
/*!40000 ALTER TABLE `book_status` DISABLE KEYS */;
INSERT INTO `book_status` VALUES (1,'Available'),(2,'Taken');
/*!40000 ALTER TABLE `book_status` ENABLE KEYS */;
UNLOCK TABLES;

--
-- Table structure for table `books`
--

DROP TABLE IF EXISTS `books`;
/*!40101 SET @saved_cs_client     = @@character_set_client */;
/*!40101 SET character_set_client = utf8 */;
CREATE TABLE `books` (
  `id` varchar(45) NOT NULL,
  `title` varchar(145) NOT NULL,
  `author` varchar(245) NOT NULL,
  `year_of_publication` year(4) NOT NULL,
  `count` int(11) DEFAULT NULL,
  `book_status_id` int(11) NOT NULL DEFAULT 1,
  PRIMARY KEY (`id`),
  KEY `fk_books_book_status1_idx` (`book_status_id`),
  CONSTRAINT `fk_books_book_status1` FOREIGN KEY (`book_status_id`) REFERENCES `book_status` (`id`) ON DELETE NO ACTION ON UPDATE NO ACTION
) ENGINE=InnoDB DEFAULT CHARSET=utf8;
/*!40101 SET character_set_client = @saved_cs_client */;

--
-- Dumping data for table `books`
--

LOCK TABLES `books` WRITE;
/*!40000 ALTER TABLE `books` DISABLE KEYS */;
INSERT INTO `books` VALUES ('001','Effects of RSI','Pistone Junior Sanjama',2020,9,1),('002','Data Structures and Algorithms','Blena Chisenga',2018,14,1);
/*!40000 ALTER TABLE `books` ENABLE KEYS */;
UNLOCK TABLES;

--
-- Table structure for table `borrowed_books`
--

DROP TABLE IF EXISTS `borrowed_books`;
/*!40101 SET @saved_cs_client     = @@character_set_client */;
/*!40101 SET character_set_client = utf8 */;
CREATE TABLE `borrowed_books` (
  `id` int(11) NOT NULL AUTO_INCREMENT,
  `date_borrowed` date DEFAULT NULL,
  `date_returned` date DEFAULT NULL,
  `books_id` varchar(45) NOT NULL,
  `students_student_no` varchar(45) NOT NULL,
  `status` varchar(45) NOT NULL DEFAULT '1',
  `due_date` date DEFAULT NULL,
  PRIMARY KEY (`id`),
  KEY `students_student_no` (`students_student_no`),
  KEY `books_id` (`books_id`)
) ENGINE=MyISAM AUTO_INCREMENT=9 DEFAULT CHARSET=latin1;
/*!40101 SET character_set_client = @saved_cs_client */;

--
-- Dumping data for table `borrowed_books`
--

LOCK TABLES `borrowed_books` WRITE;
/*!40000 ALTER TABLE `borrowed_books` DISABLE KEYS */;
INSERT INTO `borrowed_books` VALUES (8,'2020-06-11',NULL,'002','LPS/S/1','1','2020-07-11'),(7,'2020-06-11',NULL,'001','LPS/S/1','1','2020-07-11'),(6,'2020-06-11',NULL,'001','LPS/S/1','0','2020-06-11');
/*!40000 ALTER TABLE `borrowed_books` ENABLE KEYS */;
UNLOCK TABLES;

--
-- Table structure for table `classes`
--

DROP TABLE IF EXISTS `classes`;
/*!40101 SET @saved_cs_client     = @@character_set_client */;
/*!40101 SET character_set_client = utf8 */;
CREATE TABLE `classes` (
  `id` int(11) NOT NULL,
  `name` varchar(45) NOT NULL,
  PRIMARY KEY (`id`)
) ENGINE=InnoDB DEFAULT CHARSET=utf8;
/*!40101 SET character_set_client = @saved_cs_client */;

--
-- Dumping data for table `classes`
--

LOCK TABLES `classes` WRITE;
/*!40000 ALTER TABLE `classes` DISABLE KEYS */;
INSERT INTO `classes` VALUES (1,'Form 1'),(2,'Form 2'),(3,'Form 3'),(4,'Form 4'),(5,'Form 5'),(6,'Form 6'),(7,'Form 7');
/*!40000 ALTER TABLE `classes` ENABLE KEYS */;
UNLOCK TABLES;

--
-- Table structure for table `classes_has_subjects`
--

DROP TABLE IF EXISTS `classes_has_subjects`;
/*!40101 SET @saved_cs_client     = @@character_set_client */;
/*!40101 SET character_set_client = utf8 */;
CREATE TABLE `classes_has_subjects` (
  `classes_id` int(11) NOT NULL,
  `subjects_id` int(11) NOT NULL,
  PRIMARY KEY (`classes_id`,`subjects_id`),
  KEY `fk_classes_has_subjects_subjects1_idx` (`subjects_id`),
  KEY `fk_classes_has_subjects_classes1_idx` (`classes_id`),
  CONSTRAINT `fk_classes_has_subjects_classes1` FOREIGN KEY (`classes_id`) REFERENCES `classes` (`id`) ON DELETE NO ACTION ON UPDATE NO ACTION,
  CONSTRAINT `fk_classes_has_subjects_subjects1` FOREIGN KEY (`subjects_id`) REFERENCES `subjects` (`id`) ON DELETE NO ACTION ON UPDATE NO ACTION
) ENGINE=InnoDB DEFAULT CHARSET=utf8;
/*!40101 SET character_set_client = @saved_cs_client */;

--
-- Dumping data for table `classes_has_subjects`
--

LOCK TABLES `classes_has_subjects` WRITE;
/*!40000 ALTER TABLE `classes_has_subjects` DISABLE KEYS */;
INSERT INTO `classes_has_subjects` VALUES (1,1),(1,2),(1,3),(1,6),(1,7),(1,8),(1,9),(1,10),(1,15),(2,1),(2,2),(2,3),(2,6),(2,7),(2,8),(2,9),(2,10),(2,15),(3,1),(3,2),(3,3),(3,6),(3,7),(3,8),(3,9),(3,10),(3,15);
/*!40000 ALTER TABLE `classes_has_subjects` ENABLE KEYS */;
UNLOCK TABLES;

--
-- Table structure for table `exam_results`
--

DROP TABLE IF EXISTS `exam_results`;
/*!40101 SET @saved_cs_client     = @@character_set_client */;
/*!40101 SET character_set_client = utf8 */;
CREATE TABLE `exam_results` (
  `id` int(11) NOT NULL AUTO_INCREMENT,
  `students_student_no` varchar(45) NOT NULL,
  `terms_id` int(11) NOT NULL,
  `exam_type_id` int(11) NOT NULL,
  `academic_year` year(4) NOT NULL,
  `marks` decimal(10,2) NOT NULL,
  `staff_id` varchar(255) NOT NULL,
  `exam_status_id` int(11) NOT NULL,
  `classes_has_subjects_classes_id` int(11) NOT NULL,
  `classes_has_subjects_subjects_id` int(11) NOT NULL,
  PRIMARY KEY (`id`),
  KEY `fk_exam_results_students1_idx` (`students_student_no`),
  KEY `fk_exam_results_terms1_idx` (`terms_id`),
  KEY `fk_exam_results_exam_type1_idx` (`exam_type_id`),
  KEY `fk_exam_results_staff1_idx` (`staff_id`),
  KEY `fk_exam_results_exam_status1_idx` (`exam_status_id`),
  KEY `fk_exam_results_classes_has_subjects1_idx` (`classes_has_subjects_classes_id`,`classes_has_subjects_subjects_id`),
  CONSTRAINT `fk_exam_results_classes_has_subjects1` FOREIGN KEY (`classes_has_subjects_classes_id`, `classes_has_subjects_subjects_id`) REFERENCES `classes_has_subjects` (`classes_id`, `subjects_id`) ON DELETE NO ACTION ON UPDATE NO ACTION,
  CONSTRAINT `fk_exam_results_exam_status1` FOREIGN KEY (`exam_status_id`) REFERENCES `exam_status` (`id`) ON DELETE NO ACTION ON UPDATE NO ACTION,
  CONSTRAINT `fk_exam_results_exam_type1` FOREIGN KEY (`exam_type_id`) REFERENCES `exam_type` (`id`) ON DELETE NO ACTION ON UPDATE NO ACTION,
  CONSTRAINT `fk_exam_results_staff1` FOREIGN KEY (`staff_id`) REFERENCES `staff` (`id`) ON DELETE NO ACTION ON UPDATE NO ACTION,
  CONSTRAINT `fk_exam_results_students1` FOREIGN KEY (`students_student_no`) REFERENCES `students` (`student_no`) ON DELETE NO ACTION ON UPDATE NO ACTION,
  CONSTRAINT `fk_exam_results_terms1` FOREIGN KEY (`terms_id`) REFERENCES `terms` (`id`) ON DELETE NO ACTION ON UPDATE NO ACTION
) ENGINE=InnoDB AUTO_INCREMENT=35 DEFAULT CHARSET=utf8;
/*!40101 SET character_set_client = @saved_cs_client */;

--
-- Dumping data for table `exam_results`
--

LOCK TABLES `exam_results` WRITE;
/*!40000 ALTER TABLE `exam_results` DISABLE KEYS */;
INSERT INTO `exam_results` VALUES (33,'LPS/S/1',1,1,2020,50.00,'0212463690',1,1,3),(34,'LPS/S/1',1,1,2020,60.00,'0212463690',1,1,7);
/*!40000 ALTER TABLE `exam_results` ENABLE KEYS */;
UNLOCK TABLES;

--
-- Table structure for table `exam_status`
--

DROP TABLE IF EXISTS `exam_status`;
/*!40101 SET @saved_cs_client     = @@character_set_client */;
/*!40101 SET character_set_client = utf8 */;
CREATE TABLE `exam_status` (
  `id` int(11) NOT NULL,
  `name` varchar(45) DEFAULT NULL,
  PRIMARY KEY (`id`)
) ENGINE=InnoDB DEFAULT CHARSET=utf8;
/*!40101 SET character_set_client = @saved_cs_client */;

--
-- Dumping data for table `exam_status`
--

LOCK TABLES `exam_status` WRITE;
/*!40000 ALTER TABLE `exam_status` DISABLE KEYS */;
INSERT INTO `exam_status` VALUES (1,'Not Verified'),(2,'Verified');
/*!40000 ALTER TABLE `exam_status` ENABLE KEYS */;
UNLOCK TABLES;

--
-- Table structure for table `exam_type`
--

DROP TABLE IF EXISTS `exam_type`;
/*!40101 SET @saved_cs_client     = @@character_set_client */;
/*!40101 SET character_set_client = utf8 */;
CREATE TABLE `exam_type` (
  `id` int(11) NOT NULL,
  `name` varchar(45) NOT NULL,
  `description` text NOT NULL,
  PRIMARY KEY (`id`)
) ENGINE=InnoDB DEFAULT CHARSET=utf8;
/*!40101 SET character_set_client = @saved_cs_client */;

--
-- Dumping data for table `exam_type`
--

LOCK TABLES `exam_type` WRITE;
/*!40000 ALTER TABLE `exam_type` DISABLE KEYS */;
INSERT INTO `exam_type` VALUES (1,'FN','Final Exam'),(2,'FN Seniors','Exam for Seniors'),(3,'General','General Exam Type');
/*!40000 ALTER TABLE `exam_type` ENABLE KEYS */;
UNLOCK TABLES;

--
-- Table structure for table `gender`
--

DROP TABLE IF EXISTS `gender`;
/*!40101 SET @saved_cs_client     = @@character_set_client */;
/*!40101 SET character_set_client = utf8 */;
CREATE TABLE `gender` (
  `id` int(11) NOT NULL,
  `name` varchar(45) NOT NULL,
  PRIMARY KEY (`id`)
) ENGINE=InnoDB DEFAULT CHARSET=utf8;
/*!40101 SET character_set_client = @saved_cs_client */;

--
-- Dumping data for table `gender`
--

LOCK TABLES `gender` WRITE;
/*!40000 ALTER TABLE `gender` DISABLE KEYS */;
INSERT INTO `gender` VALUES (1,'Male'),(2,'Female');
/*!40000 ALTER TABLE `gender` ENABLE KEYS */;
UNLOCK TABLES;

--
-- Table structure for table `guardians`
--

DROP TABLE IF EXISTS `guardians`;
/*!40101 SET @saved_cs_client     = @@character_set_client */;
/*!40101 SET character_set_client = utf8 */;
CREATE TABLE `guardians` (
  `id` varchar(45) NOT NULL,
  `firstname` varchar(45) NOT NULL,
  `middlename` varchar(45) DEFAULT NULL,
  `lastname` varchar(45) NOT NULL,
  `primary_phone` varchar(45) NOT NULL,
  `address` varchar(145) DEFAULT NULL,
  `secondary_phone` varchar(45) DEFAULT NULL,
  `email` varchar(45) DEFAULT NULL,
  `occupation` varchar(65) DEFAULT NULL,
  `employer` varchar(145) DEFAULT NULL,
  PRIMARY KEY (`id`)
) ENGINE=InnoDB DEFAULT CHARSET=utf8;
/*!40101 SET character_set_client = @saved_cs_client */;

--
-- Dumping data for table `guardians`
--

LOCK TABLES `guardians` WRITE;
/*!40000 ALTER TABLE `guardians` DISABLE KEYS */;
INSERT INTO `guardians` VALUES ('0886449677','Blena','BSC','Chisenga','0886449677','Box 1294, Blantyre','0881201773','indo@virtualtechmalawi.com','Businessman','Virtual Tech'),('0999999999','Lebron','','James','0999999999','Box1294, Blantyre','','lbj@gmail.com','Businessman','Virtual Tech');
/*!40000 ALTER TABLE `guardians` ENABLE KEYS */;
UNLOCK TABLES;

--
-- Table structure for table `librarians`
--

DROP TABLE IF EXISTS `librarians`;
/*!40101 SET @saved_cs_client     = @@character_set_client */;
/*!40101 SET character_set_client = utf8 */;
CREATE TABLE `librarians` (
  `id` int(11) NOT NULL AUTO_INCREMENT,
  `firstname` varchar(255) NOT NULL,
  `middlename` varchar(255) DEFAULT NULL,
  `lastname` varchar(255) NOT NULL,
  `phone` varchar(255) NOT NULL,
  `address` varchar(255) NOT NULL,
  `qualifications` varchar(255) NOT NULL,
  `email` varchar(255) NOT NULL,
  `date_joined` date DEFAULT NULL,
  PRIMARY KEY (`id`)
) ENGINE=InnoDB AUTO_INCREMENT=2 DEFAULT CHARSET=latin1;
/*!40101 SET character_set_client = @saved_cs_client */;

--
-- Dumping data for table `librarians`
--

LOCK TABLES `librarians` WRITE;
/*!40000 ALTER TABLE `librarians` DISABLE KEYS */;
/*!40000 ALTER TABLE `librarians` ENABLE KEYS */;
UNLOCK TABLES;

--
-- Table structure for table `messages`
--

DROP TABLE IF EXISTS `messages`;
/*!40101 SET @saved_cs_client     = @@character_set_client */;
/*!40101 SET character_set_client = utf8 */;
CREATE TABLE `messages` (
  `id` int(11) NOT NULL AUTO_INCREMENT,
  `message` text NOT NULL,
  `subject` varchar(255) DEFAULT NULL,
  `date_sent` timestamp NOT NULL DEFAULT current_timestamp() ON UPDATE current_timestamp(),
  `status` int(11) DEFAULT 0 COMMENT '0 - not read\n1 - read',
  `student_no` varchar(255) NOT NULL,
  PRIMARY KEY (`id`)
) ENGINE=InnoDB AUTO_INCREMENT=8 DEFAULT CHARSET=utf8;
/*!40101 SET character_set_client = @saved_cs_client */;

--
-- Dumping data for table `messages`
--

LOCK TABLES `messages` WRITE;
/*!40000 ALTER TABLE `messages` DISABLE KEYS */;
INSERT INTO `messages` VALUES (4,'message','Linux Kali 2019.1 stuck on installing using a bootable USB drive','2020-06-12 08:43:27',0,'LPS/S/1'),(5,'message 1','Subject 1','2020-06-12 08:43:27',0,'LPS/S/1'),(6,'message 2','Subject 2','2020-06-12 08:43:27',0,'LPS/S/1'),(7,'message 3','subject 3','2020-06-11 08:58:42',1,'LPS/S/1');
/*!40000 ALTER TABLE `messages` ENABLE KEYS */;
UNLOCK TABLES;

--
-- Table structure for table `notices`
--

DROP TABLE IF EXISTS `notices`;
/*!40101 SET @saved_cs_client     = @@character_set_client */;
/*!40101 SET character_set_client = utf8 */;
CREATE TABLE `notices` (
  `id` int(11) NOT NULL AUTO_INCREMENT,
  `notice` text NOT NULL,
  `deadline` date DEFAULT NULL,
  `date_added` timestamp NOT NULL DEFAULT current_timestamp() ON UPDATE current_timestamp(),
  `status` varchar(45) NOT NULL DEFAULT '0',
  PRIMARY KEY (`id`)
) ENGINE=InnoDB AUTO_INCREMENT=3 DEFAULT CHARSET=utf8;
/*!40101 SET character_set_client = @saved_cs_client */;

--
-- Dumping data for table `notices`
--

LOCK TABLES `notices` WRITE;
/*!40000 ALTER TABLE `notices` DISABLE KEYS */;
INSERT INTO `notices` VALUES (2,'Notice Here','2020-06-30','2020-06-08 09:17:52','0');
/*!40000 ALTER TABLE `notices` ENABLE KEYS */;
UNLOCK TABLES;

--
-- Table structure for table `numbers`
--

DROP TABLE IF EXISTS `numbers`;
/*!40101 SET @saved_cs_client     = @@character_set_client */;
/*!40101 SET character_set_client = utf8 */;
CREATE TABLE `numbers` (
  `number` varchar(45) NOT NULL,
  PRIMARY KEY (`number`)
) ENGINE=MyISAM DEFAULT CHARSET=utf8;
/*!40101 SET character_set_client = @saved_cs_client */;

--
-- Dumping data for table `numbers`
--

LOCK TABLES `numbers` WRITE;
/*!40000 ALTER TABLE `numbers` DISABLE KEYS */;
INSERT INTO `numbers` VALUES ('265990018422'),('265990034211'),('265990221900'),('265990461500'),('265991005845'),('265991006114'),('265991012366'),('265991015550'),('265991015591'),('265991016888'),('265991022889'),('265991022999'),('265991024297'),('265991035660'),('265991042916'),('265991045618'),('265991053628'),('265991055486'),('265991060170'),('265991065223'),('265991068476'),('265991068768'),('265991087501'),('265991110977'),('265991111028'),('265991114000'),('265991133111'),('265991133955'),('265991134636'),('265991136024'),('265991145686'),('265991159770'),('265991161247'),('265991176402'),('265991180845'),('265991183162'),('265991184967'),('265991195333'),('265991221490'),('265991228040'),('265991233563'),('265991239442'),('265991248230'),('265991257258'),('265991262488'),('265991268628'),('265991274275'),('265991281425'),('265991295788'),('265991311317'),('265991316790'),('265991317003'),('265991319319'),('265991337769'),('265991341685'),('265991345330'),('265991348304'),('265991357722'),('265991366647'),('265991372215'),('265991390020'),('265991397360'),('265991401168'),('265991405152'),('265991405329'),('265991405629'),('265991408204'),('265991411050'),('265991415093'),('265991437172'),('265991437418'),('265991443692'),('265991446657'),('265991452891'),('265991473983'),('265991476628'),('265991494565'),('265991501207'),('265991505087'),('265991512060'),('265991515950'),('265991530707'),('265991539432'),('265991547878'),('265991564829'),('265991567313'),('265991573156'),('265991580696'),('265991603739'),('265991632350'),('265991647408'),('265991647718'),('265991650221'),('265991663335'),('265991667152'),('265991675151'),('265991692929'),('265991700025'),('265991733868'),('265991736789'),('265991740702'),('265991744503'),('265991747032'),('265991754400'),('265991760782'),('265991764500'),('265991768500'),('265991770892'),('265991776279'),('265991776469'),('265991790113'),('265991812051'),('265991818566'),('265991849377'),('265991849668'),('265991873771'),('265991889844'),('265991907275'),('265991910010'),('265991911438'),('265991915733'),('265991916838'),('265991920276'),('265991924121'),('265991936452'),('265991939619'),('265991940401'),('265991974090'),('265991980404'),('265991980662'),('265991981387'),('265991983978'),('265992002000'),('265992008625'),('265992017784'),('265992026286'),('265992032333'),('265992037898'),('265992038710'),('265992040162'),('265992041664'),('265992047821'),('265992050926'),('265992054562'),('265992070983'),('265992080102'),('265992081402'),('265992085594'),('26599208753'),('265992090151'),('265992091548'),('265992095644'),('265992098599'),('265992109633'),('265992121096'),('265992123798'),('265992127693'),('265992136119'),('265992138742'),('265992142438'),('265992145771'),('265992146116'),('265992156152'),('265992218820'),('265992219935'),('265992222262'),('265992228028'),('265992233350'),('265992242702'),('265992243722'),('265992255773'),('265992281950'),('265992288138'),('265992295344'),('265992301905'),('265992307331'),('265992307346'),('265992307579'),('265992335004'),('265992337861'),('265992349505'),('265992384602'),('265992427841'),('265992433053'),('265992436368'),('265992436543'),('265992446932'),('265992461496'),('265992462552'),('265992464264'),('265992465700'),('265992475090'),('265992508710'),('265992511804'),('265992519954'),('265992527438'),('265992533417'),('265992536916'),('265992538092'),('265992538097'),('265992538847'),('265992549866'),('265992586950'),('265992595343'),('265992600754'),('265992606063'),('265992626469'),('265992628196'),('265992682219'),('265992713100'),('265992718393'),('265992721456'),('265992722970'),('265992733735'),('265992741144'),('265992745634'),('265992752660'),('265992752838'),('265992765163'),('265992768316'),('265992770117'),('265992788863'),('265992798989'),('265992799484'),('265992807854'),('265992818348'),('265992836528'),('265992840818'),('265992845398'),('265992859902'),('265992867394'),('265992867435'),('265992868985'),('265992874575'),('265992895868'),('265992929626'),('265992930101'),('265992936521'),('265992939992'),('265992951449'),('265992951490'),('265992951507'),('265992951538'),('265992957566'),('265992969306'),('265992973280'),('265992997479'),('265993002488'),('265993020440'),('265993029083'),('265993032869'),('265993039658'),('265993050912'),('265993055795'),('265993055798'),('265993055838'),('265993059883'),('265993065266'),('265993079166'),('265993079927'),('265993081295'),('265993082391'),('265993083758'),('265993087387'),('265993091498'),('265993091685'),('265993105234'),('265993106828'),('265993107117'),('265993139774'),('265993141874'),('265993144635'),('265993147043'),('265993155749'),('265993156831'),('265993157028'),('265993169101'),('265993176825'),('265993179988'),('265993183266'),('265993185889'),('265993185980'),('265993201651'),('265993212358'),('265993217874'),('265993218399'),('265993232470'),('265993232512'),('265993233313'),('265993238556'),('265993256033'),('265993266224'),('265993266782'),('265993268696'),('265993279085'),('265993281312'),('265993295849'),('265993299920'),('265993299993'),('265993301215'),('265993303450'),('265993321718'),('265993324889'),('265993329618'),('265993331323'),('265993334137'),('265993339833'),('265993345843'),('265993355899'),('265993357220'),('265993358241'),('265993360155'),('265993363501'),('265993367793'),('265993376614'),('265993393843'),('265993412348'),('265993412471'),('265993414356'),('265993414713'),('265993425145'),('265993439572'),('265993440221'),('265993450928'),('265993452067'),('265993456723'),('265993465375'),('265993467916'),('265993468505'),('265993495065'),('265993496371'),('265993497090'),('265993506435'),('265993509365'),('265993511794'),('265993521408'),('265993529468'),('265993534916'),('265993539244'),('265993547896'),('265993551444'),('265993565057'),('265993568112'),('265993575651'),('265993593704'),('265993603997'),('265993612828'),('265993617946'),('265993623534'),('265993626622'),('265993629880'),('265993632778'),('265993636863'),('265993645218'),('265993652283'),('265993654779'),('265993655631'),('265993656838'),('265993663257'),('265993663666'),('265993683080'),('265993683645'),('265993694883'),('265993711991'),('265993719629'),('265993721289'),('265993733678'),('265993733960'),('265993737564'),('265993741180'),('265993742056'),('265993754074'),('265993755144'),('265993770137'),('265993784801'),('265993786605'),('265993794260'),('265993794342'),('265993794445'),('265993804559'),('265993806327'),('265993823999'),('265993824191'),('265993829972'),('265993831506'),('265993835462'),('265993845722'),('265993847876'),('265993851337'),('265993852513'),('265993853931'),('265993853951'),('265993858421'),('265993867595'),('265993869283'),('265993869829'),('265993873026'),('265993874198'),('265993878215'),('265993882272'),('265993894694'),('265993895908'),('265993913163'),('265993916203'),('265993926311'),('265993933311'),('265993933540'),('265993933808'),('265993936200'),('265993940833'),('265993946799'),('265993947596'),('265993959418'),('265993970198'),('265993977899'),('265993980977'),('265993990269'),('265993994449'),('265994005100'),('265994017415'),('265994026840'),('265994028223'),('265994037282'),('265994042802'),('265994044289'),('2659940444'),('265994051949'),('265994056718'),('265994113080'),('265994115014'),('265994126520'),('265994143262'),('265994166069'),('265994166961'),('265994169703'),('265994170281'),('265994180830'),('265994195402'),('265994208165'),('265994208171'),('265994209354'),('265994246297'),('265994249489'),('265994254129'),('265994286793'),('265994287579'),('265994290243'),('265994291509'),('265994296175'),('265994328709'),('265994329509'),('265994366627'),('265994369209'),('265994371722'),('265994372709'),('265994375496'),('265994400755'),('265994410411'),('265994419503'),('265994422356'),('265994423343'),('265994428169'),('265994434951'),('265994442694'),('265994443585'),('265994444899'),('265994455102'),('265994457684'),('265994458990'),('265994471065'),('265994471511'),('265994471873'),('265994505883'),('265994516856'),('265994529278'),('265994529778'),('265994529943'),('265994531494'),('265994545907'),('265994548257'),('265994553216'),('265994555143'),('265994555230'),('265994557272'),('265994569794'),('265994572010'),('265994573975'),('265994574689'),('265994584859'),('265994589770'),('265994611308'),('265994615995'),('265994620055'),('265994621293'),('265994657914'),('265994662226'),('265994662285'),('265994665777'),('265994681374'),('265994741695'),('265994745362'),('265994751312'),('265994766300'),('265994772078'),('265994792052'),('265994826342'),('265994832906'),('265994847220'),('265994865889'),('265994888700'),('265994896665'),('265994898587'),('265994915996'),('265995023043'),('265995047775'),('265995047976'),('265995056907'),('265995068859'),('265995072731'),('265995082902'),('265995101534'),('265995104096'),('265995108271'),('265995118452'),('265995125690'),('265995127681'),('265995138921'),('265995140221'),('265995140264'),('265995140288'),('265995140396'),('265995154761'),('265995162091'),('265995169261'),('265995176279'),('265995179664'),('265995181227'),('265995185222'),('265995190623'),('265995191923'),('265995193327'),('265995195297'),('265995210319'),('265995211605'),('265995215587'),('265995219945'),('265995221311'),('265995227193'),('265995227271'),('265995228292'),('265995229370'),('265995229975'),('265995232497'),('265995232941'),('265995233535'),('265995239390'),('265995241151'),('265995241519'),('265995245410'),('265995249184'),('265995249260'),('265995250210'),('265995250575'),('265995251544'),('265995252946'),('265995253184'),('265995254279'),('265995257682'),('265995260987'),('265995264063'),('265995264065'),('265995268594'),('265995271671'),('265995273690'),('265995273748'),('265995283184'),('265995283485'),('265995284426'),('265995288249'),('265995291520'),('265995298524'),('265995300504'),('265995301881'),('265995305503'),('265995306837'),('265995317322'),('265995317506'),('265995320975'),('265995335114'),('265995338422'),('265995344026'),('265995344899'),('265995344902'),('265995345012'),('265995345268'),('265995349107'),('265995352054'),('265995352062'),('265995368484'),('265995369222'),('265995372550'),('265995377858'),('265995379238'),('265995380421'),('265995381486'),('265995382825'),('265995384383'),('265995385232'),('265995386477'),('265995388281'),('265995397778'),('265995410926'),('265995411048'),('265995412973'),('265995414533'),('265995415522'),('265995421090'),('265995425420'),('265995427341'),('265995428363'),('265995429997'),('265995430380'),('265995430537'),('265995440455'),('265995443242'),('265995443636'),('265995443892'),('265995444139'),('265995444589'),('265995447741'),('265995450134'),('265995450237'),('265995455057'),('265995459649'),('265995460072'),('265995460517'),('265995462891'),('265995463258'),('265995463678'),('265995465398'),('265995465517'),('265995465608'),('265995470141'),('265995475380'),('265995475402'),('265995476015'),('265995477725'),('265995478591'),('265995479979'),('265995488697'),('265995490192'),('265995491301'),('265995493304'),('265995498371'),('265995507055'),('265995508620'),('265995511105'),('265995522121'),('265995528410'),('265995542240'),('265995560007'),('265995566223'),('265995571547'),('265995576939'),('265995582926'),('265995586098'),('265995610191'),('265995616815'),('265995618260'),('265995619316'),('265995619563'),('265995619979'),('265995620517'),('265995620992'),('265995624126'),('265995627097'),('265995630669'),('265995633846'),('265995638537'),('265995638845'),('265995639702'),('265995646979'),('265995654044'),('265995658689'),('265995659486'),('265995668518'),('265995669487'),('265995673154'),('265995676583'),('265995678844'),('265995681057'),('265995683006'),('265995683097'),('265995686325'),('265995696912'),('265995700860'),('265995710383'),('265995712955'),('265995715950'),('265995718495'),('265995719034'),('265995725497'),('265995725842'),('265995727573'),('265995728228'),('265995728236'),('265995736564'),('265995738815'),('265995742300'),('265995742430'),('265995742763'),('265995764178'),('265995766068'),('265995778000'),('265995780328'),('265995787629'),('265995788593'),('265995794468'),('265995794473'),('265995797645'),('265995799926'),('265995804484'),('265995804783'),('265995815782'),('265995825722'),('265995842209'),('265995850607'),('265995860011'),('265995866956'),('265995869504'),('265995878908'),('265995884427'),('265995886986'),('265995887418'),('265995902914'),('265995907560'),('265995912764'),('265995914640'),('265995918541'),('265995932407'),('265995936043'),('265995937863'),('265995938541'),('265995944549'),('265995961024'),('265995970450'),('265995971354'),('265995972539'),('265995974800'),('265995978313'),('265996000180'),('265996001066'),('265996001776'),('265996003263'),('265996004143'),('265996005819'),('265996009336'),('265996010883'),('265996022726'),('265996031900'),('265996035131'),('265996036552'),('265996037422'),('265996039519'),('265996042150'),('265996044199'),('265996044234'),('265996045027'),('265996058141'),('265996066629'),('265996069901'),('265996075784'),('265996076771'),('265996097045'),('265996097804'),('265996098075'),('265996099860'),('265996106146'),('265996113200'),('265996131673'),('265996141568'),('265996151926'),('265996161056'),('265996164336'),('265996164490'),('265996166163'),('265996168050'),('265996171999'),('265996174303'),('265996177665'),('265996199753'),('265996216656'),('265996216704'),('265996219678'),('265996229770'),('265996247796'),('265996248038'),('265996265102'),('265996273311'),('265996277483'),('265996283528'),('265996286717'),('265996287093'),('265996305858'),('265996330343'),('265996358636'),('265996374747'),('265996380800'),('265996384005'),('265996385837'),('265996397035'),('265996398432'),('265996408030'),('265996408861'),('265996412950'),('265996416050'),('265996421989'),('265996426326'),('265996427123'),('265996439656'),('265996460824'),('265996462959'),('265996464914'),('265996479286'),('265996497907'),('265996500477'),('265996516309'),('265996524772'),('265996532425'),('265996541101'),('265996549626'),('265996552465'),('265996561395'),('265996573660'),('265996607796'),('265996608196'),('265996608206'),('265996612582'),('265996613748'),('265996648648'),('265996655178'),('265996657220'),('265996666123'),('265996690045'),('265996699846'),('265996703500'),('265996715220'),('265996744355'),('265996747647'),('265996770591'),('265996774212'),('265996784265'),('265996800384'),('265996805780'),('265996834901'),('265996835322'),('265996841929'),('265996843780'),('265996930127'),('265996941771'),('265996944421'),('265996950793'),('265996963650'),('265996969055'),('265996980028'),('265996980117'),('265996983974'),('265997001375'),('265997002589'),('265997005698'),('265997021610'),('265997040447'),('265997040463'),('265997040501'),('265997060492'),('265997080755'),('265997081158'),('265997102884'),('265997107990'),('265997130204'),('265997133793'),('265997133869'),('265997156945'),('265997163913'),('265997170590'),('265997177353'),('265997187253'),('265997205675'),('265997205865'),('265997205900'),('265997212509'),('265997216702'),('265997218913'),('265997227217'),('265997244104'),('265997251950'),('265997258312'),('265997264093'),('265997264134'),('265997275262'),('265997276063'),('265997312312'),('265997353763'),('265997365670'),('265997366834'),('265997368476'),('265997370025'),('265997386510'),('265997397686'),('265997417489'),('265997450230'),('265997461435'),('265997462977'),('265997463564'),('265997472727'),('265997476133'),('265997514972'),('265997519300'),('265997535735'),('265997540246'),('265997550737'),('265997553587'),('265997555131'),('265997556518'),('265997577465'),('265997582862'),('265997589412'),('265997601051'),('265997603856'),('265997608757'),('265997620403'),('265997620811'),('265997624606'),('265997638382'),('265997651520'),('265997694887'),('265997702095'),('265997711049'),('265997722244'),('265997731677'),('265997740758'),('265997751306'),('265997755427'),('265997755429'),('265997776951'),('265997781531'),('265997789744'),('265997795369'),('265997797451'),('265997884977'),('265997885395'),('265997902042'),('265997913015'),('265997916445'),('265997932674'),('265997932955'),('265997933315'),('265997933597'),('265997936523'),('265997951351'),('265997955752'),('265997955820'),('265997958574'),('265997975569'),('265997988460'),('265998000178'),('265998003585'),('265998010261'),('265998028510'),('265998067879'),('265998074047'),('265998083505'),('265998084013'),('265998095663'),('265998100165'),('265998105095'),('265998110101'),('265998131940'),('265998136572'),('265998142667'),('265998142830'),('265998148992'),('265998164009'),('265998170800'),('265998185461'),('265998186949'),('265998196051'),('265998197708'),('265998197743'),('265998209070'),('265998227198'),('265998246215'),('265998246329'),('265998249226'),('265998250400'),('265998261507'),('265998277943'),('265998286110'),('265998307248'),('265998343280'),('265998345447'),('265998356698'),('265998362145'),('265998365443'),('265998372498'),('265998392844'),('265998401140'),('265998411292'),('265998427700'),('265998439607'),('265998456822'),('265998463696'),('265998468496'),('265998468524'),('265998472382'),('265998483022'),('265998487422'),('265998500666'),('265998505695'),('265998508775'),('265998511349'),('265998514895'),('265998517616'),('265998542245'),('265998567002'),('265998575266'),('265998585720'),('265998588106'),('265998598316'),('265998599057'),('265998622153'),('265998622293'),('265998630609'),('265998636788'),('265998654270'),('265998681237'),('265998687666'),('265998698431'),('265998699229'),('265998700004'),('265998712356'),('265998713486'),('265998729155'),('265998731018'),('265998740553'),('265998747762'),('265998764444'),('265998771855'),('265998796460'),('265998815625'),('265998837360'),('265998844380'),('265998849521'),('265998884320'),('265998890317'),('265998893169'),('265998893888'),('265998952102'),('265998953350'),('265998969951'),('265999000988'),('265999002528'),('265999002831'),('265999003163'),('265999003319'),('265999003878'),('265999006749'),('265999007811'),('265999007854'),('265999011277'),('265999013106'),('265999013903'),('265999014462'),('265999016743'),('265999016831'),('265999019847'),('265999020898'),('265999022040'),('265999024499'),('265999027218'),('265999030697'),('265999036667'),('265999039009'),('265999040929'),('265999042815'),('265999044273'),('265999047124'),('265999047985'),('265999048088'),('265999052345'),('265999052489'),('265999053090'),('265999053476'),('265999055630'),('265999057624'),('265999058000'),('265999060574'),('265999061541'),('265999063796'),('265999069031'),('265999079470'),('265999079472'),('265999079764'),('265999083633'),('265999087681'),('265999088008'),('265999089104'),('265999089439'),('265999091724'),('265999091973'),('265999094121'),('265999094153'),('265999096544'),('265999097985'),('265999100633'),('265999100711'),('265999100923'),('265999102489'),('265999105334'),('265999105732'),('265999105994'),('265999107750'),('265999109321'),('265999110454'),('265999110486'),('265999110520'),('265999111440'),('265999116704'),('265999117070'),('265999117285'),('265999122773'),('265999126875'),('265999127996'),('265999129668'),('265999130280'),('265999134399'),('265999134710'),('265999136895'),('265999137755'),('265999138415'),('265999139232'),('265999139966'),('265999143012'),('265999143417'),('265999143429'),('265999144965'),('265999145325'),('265999145612'),('265999145851'),('265999146087'),('265999148673'),('265999150363'),('265999151480'),('265999152806'),('265999159420'),('265999161268'),('265999163526'),('265999164774'),('265999164923'),('265999164973'),('265999169012'),('265999169576'),('265999169902'),('265999173975'),('265999174813'),('265999176998'),('265999177572'),('265999181953'),('265999191322'),('265999191324'),('265999192673'),('265999194826'),('265999197498'),('265999198482'),('265999200431'),('265999206663'),('265999206925'),('265999210676'),('265999213163'),('265999213682'),('265999214082'),('265999214566'),('265999215259'),('265999215494'),('265999215722'),('265999215734'),('265999217342'),('265999217939'),('265999219601'),('265999223555'),('265999225340'),('265999225376'),('265999226961'),('265999228213'),('265999230522'),('265999230670'),('265999230940'),('265999231762'),('265999231763'),('265999231997'),('265999232669'),('265999232746'),('265999232762'),('265999233843'),('265999234594'),('265999235845'),('265999236337'),('265999239038'),('265999239369'),('265999239433'),('265999241536'),('265999242295'),('265999245693'),('265999246196'),('265999246217'),('265999246490'),('265999247501'),('265999248590'),('265999250686'),('265999251748'),('265999253633'),('265999254915'),('265999255889'),('265999256130'),('265999257798'),('265999258034'),('265999258137'),('265999260815'),('265999260866'),('265999261239'),('265999261361'),('265999262045'),('265999262207'),('265999263915'),('265999264558'),('265999264661'),('265999267252'),('265999268740'),('265999268857'),('265999269219'),('265999270511'),('265999270857'),('265999270906'),('265999272978'),('265999273139'),('265999276100'),('265999276337'),('265999277874'),('265999280565'),('265999280808'),('265999281241'),('265999284649'),('265999286868'),('265999287209'),('265999287739'),('265999290763'),('265999291283'),('265999292922'),('265999294128'),('265999295629'),('265999297531'),('265999299242'),('265999301321'),('265999301981'),('265999302424'),('265999304368'),('265999309760'),('265999310003'),('265999311523'),('265999311911'),('265999313544'),('265999314503'),('265999314565'),('265999315047'),('265999315343'),('265999316584'),('265999317188'),('265999318356'),('265999320460'),('265999320466'),('265999320496'),('265999321616'),('265999323076'),('265999327421'),('265999329629'),('265999329735'),('265999330185'),('265999330631'),('265999331033'),('265999334640'),('265999335218'),('265999336073'),('265999336693'),('265999337722'),('265999339730'),('265999340411'),('265999340675'),('265999341680'),('265999341993'),('265999342196'),('265999342242'),('265999342386'),('265999342491'),('265999342750'),('265999345176'),('265999345755'),('265999346778'),('265999350534'),('265999352588'),('265999353788'),('265999354342'),('265999355404'),('265999355957'),('265999356089'),('265999356283'),('265999357084'),('265999357415'),('265999359385'),('265999360418'),('265999361233'),('265999361744'),('265999362563'),('265999363522'),('265999363698'),('265999364849'),('265999365361'),('265999365611'),('265999367802'),('265999369758'),('265999370252'),('265999370318'),('265999370512'),('265999370890'),('265999371450'),('265999372436'),('265999373279'),('265999373935'),('265999374264'),('265999374562'),('265999374730'),('265999376449'),('265999378995'),('265999381710'),('265999384935'),('265999385623'),('265999386698'),('265999387715'),('265999389233'),('265999392847'),('265999393253'),('265999394274'),('265999397567'),('265999397616'),('265999398579'),('265999400065'),('265999400565'),('265999401206'),('265999401512'),('265999402402'),('265999406056'),('265999407393'),('265999407460'),('265999411008'),('265999413968'),('265999414498'),('265999417302'),('265999419179'),('265999421811'),('265999423989'),('265999424603'),('265999426059'),('265999426427'),('265999426704'),('265999429430'),('265999430180'),('265999432205'),('265999436153'),('265999436376'),('265999437533'),('265999438164'),('265999440491'),('265999440505'),('265999441211'),('265999441343'),('265999441484'),('265999442285'),('265999442826'),('265999445880'),('265999446248'),('265999446425'),('265999448313'),('265999449001'),('265999450208'),('265999450540'),('265999452627'),('265999455481'),('265999456401'),('265999459012'),('265999459677'),('265999459858'),('265999459914'),('265999460407'),('265999460748'),('265999461748'),('265999461830'),('265999462239'),('265999463856'),('265999464015'),('265999464932'),('265999467488'),('265999467747'),('265999467758'),('265999469606'),('265999469770'),('265999471687'),('265999471836'),('265999476257'),('265999476553'),('265999477572'),('265999477858'),('265999481048'),('265999486079'),('265999487435'),('265999488169'),('265999490427'),('265999492226'),('265999492380'),('265999494477'),('265999494643'),('265999494837'),('265999495058'),('265999495337'),('265999495626'),('265999496425'),('265999497267'),('265999497541'),('265999500100'),('265999500127'),('265999503784'),('265999511775'),('265999511847'),('265999520841'),('265999521530'),('265999525145'),('265999525662'),('265999526522'),('265999533649'),('265999534696'),('265999540480'),('265999542928'),('265999543452'),('265999543959'),('265999550552'),('265999551428'),('265999551441'),('265999552512'),('265999553628'),('265999555555'),('265999556644'),('265999558423'),('265999558427'),('265999558816'),('265999560403'),('265999561552'),('265999562331'),('265999563011'),('265999565212'),('265999567037'),('265999568890'),('265999571697'),('265999577877'),('265999578654'),('265999585102'),('265999585777'),('265999586148'),('265999588582'),('265999594100'),('265999594114'),('265999595777'),('265999597670'),('265999598868'),('265999600362'),('265999600807'),('265999601188'),('265999601306'),('265999601974'),('265999602146'),('265999602361'),('265999603551'),('265999605518'),('265999606052'),('265999609759'),('265999611821'),('265999612160'),('265999612750'),('265999612958'),('265999614812'),('265999618715'),('265999618718'),('265999619433'),('265999620808'),('265999622359'),('265999624228'),('265999625805'),('265999632005'),('265999633073'),('265999633441'),('265999634008'),('265999639944'),('265999640339'),('265999642110'),('265999644239'),('265999646456'),('265999647519'),('265999647697'),('265999649926'),('265999650398'),('265999651521'),('265999653772'),('265999654723'),('265999655263'),('265999659556'),('265999660386'),('265999661157'),('265999661281'),('265999662087'),('265999662239'),('265999662700'),('265999662879'),('265999663872'),('265999664122'),('265999666419'),('265999666432'),('265999666960'),('265999668581'),('265999671229'),('265999672365'),('265999674413'),('265999675252'),('265999676473'),('265999676697'),('265999677604'),('265999679915'),('265999680001'),('265999680424'),('265999680621'),('265999683013'),('265999683327'),('265999685560'),('265999688451'),('265999690005'),('265999693140'),('265999693167'),('265999693308'),('265999693469'),('265999694595'),('265999696154'),('265999697474'),('265999699316'),('265999699909'),('265999703514'),('265999708845'),('265999710965'),('265999711134'),('265999719726'),('265999720589'),('265999720652'),('265999721080'),('265999721922'),('265999723534'),('265999724506'),('265999727644'),('265999728955'),('265999728981'),('265999733003'),('265999733288'),('265999734071'),('265999735425'),('265999737215'),('265999741624'),('265999744070'),('265999744230'),('265999744987'),('265999745402'),('265999746760'),('265999747135'),('265999747189'),('265999747221'),('265999747669'),('265999748616'),('265999749744'),('265999751092'),('265999751462'),('265999752923'),('265999754306'),('265999754485'),('265999754783'),('265999756263'),('265999757314'),('265999758141'),('265999758568'),('265999758809'),('265999759004'),('265999759756'),('265999759949'),('265999762119'),('265999762798'),('265999765245'),('265999767113'),('265999770110'),('265999770196'),('265999770281'),('265999771291'),('265999771994'),('265999772101'),('265999772196'),('265999774942'),('265999776087'),('265999777292'),('265999777770'),('265999780788'),('265999780905'),('265999781068'),('265999781809'),('265999783033'),('265999784467'),('265999784574'),('265999787882'),('265999789555'),('265999790096'),('265999790887'),('265999794175'),('265999794840'),('265999798531'),('265999799294'),('265999800829'),('265999802842'),('265999803055'),('265999807853'),('265999809415'),('265999810408'),('265999812074'),('265999815063'),('265999815747'),('265999816402'),('265999834035'),('265999852456'),('265999852521'),('265999859352'),('265999862842'),('265999872202'),('265999875421'),('265999879769'),('265999881982'),('265999883333'),('265999886320'),('265999898515'),('265999898549'),('265999898954'),('265999899553'),('265999910423'),('265999910568'),('265999911090'),('265999912085'),('265999913680'),('265999916537'),('265999918128'),('265999919297'),('265999919462'),('265999919517'),('265999919588'),('265999920413'),('265999920954'),('265999921245'),('265999921399'),('265999921990'),('265999922050'),('265999922917'),('265999924249'),('265999924315'),('265999924611'),('265999927226'),('265999927340'),('265999928249'),('265999928693'),('265999928869'),('265999929555'),('265999930177'),('265999931700'),('265999931747'),('265999935017'),('265999935909'),('265999936349'),('265999937204'),('265999937834'),('265999939047'),('265999940027'),('265999942115'),('265999942426'),('265999942954'),('265999944028'),('265999944592'),('265999945437'),('265999946694'),('265999946864'),('265999950410'),('265999950828'),('265999952986'),('265999953039'),('265999954192'),('265999954457'),('265999955298'),('265999955537'),('265999955635'),('265999955907'),('265999956497'),('265999956595'),('265999957331'),('265999957470'),('265999957474'),('265999958798'),('265999959670'),('265999959789'),('265999964116'),('265999992008'),('265999993405'),('265999999999');
/*!40000 ALTER TABLE `numbers` ENABLE KEYS */;
UNLOCK TABLES;

--
-- Table structure for table `numberstwo`
--

DROP TABLE IF EXISTS `numberstwo`;
/*!40101 SET @saved_cs_client     = @@character_set_client */;
/*!40101 SET character_set_client = utf8 */;
CREATE TABLE `numberstwo` (
  `number` varchar(45) NOT NULL,
  PRIMARY KEY (`number`)
) ENGINE=MyISAM DEFAULT CHARSET=utf8;
/*!40101 SET character_set_client = @saved_cs_client */;

--
-- Dumping data for table `numberstwo`
--

LOCK TABLES `numberstwo` WRITE;
/*!40000 ALTER TABLE `numberstwo` DISABLE KEYS */;
INSERT INTO `numberstwo` VALUES ('088855619155'),('088879168569'),('099908454789'),('099994710745'),('235996666166'),('256881105582'),('256881843966'),('256882507942'),('256883714521'),('256884595872'),('256884634421'),('256888490304'),('256992468012'),('265111637088'),('265111756155'),('265111796123'),('265111944278'),('265111945536'),('265111951925'),('265111955467'),('265111959729'),('265212230728'),('265599511709'),('265880012216'),('265880021688'),('265880073894'),('265880145444'),('265880163645'),('265880247570'),('265880248734'),('265880255660'),('265880300307'),('265880300394'),('265880337052'),('265880345781'),('265880356683'),('265880444650'),('265880495998'),('265880504644'),('265880520854'),('265880547927'),('265880550531'),('265880559860'),('265880596763'),('265880617886'),('265880647359'),('265880658009'),('265880658206'),('265880671920'),('265880708288'),('265880733052'),('265880815079'),('265880815082'),('265880824192'),('265880826000'),('265880840667'),('265880852892'),('265880873317'),('265880885725'),('265880896920'),('265880901509'),('265880926510'),('265880949053'),('265880956449'),('265880975914'),('265880996060'),('265880996356'),('265881000805'),('265881001027'),('265881005484'),('265881005670'),('265881006804'),('265881008820'),('265881010255'),('265881010931'),('265881013224'),('265881014452'),('265881014596'),('265881015160'),('265881018105'),('265881019494'),('265881020371'),('265881021515'),('265881022025'),('265881024325'),('265881024726'),('265881024887'),('265881029266'),('265881030502'),('265881030524'),('265881030618'),('265881032995'),('265881035016'),('265881037991'),('265881038860'),('265881040148'),('265881040228'),('265881040272'),('265881045522'),('265881045943'),('265881047047'),('265881047614'),('265881048307'),('265881049507'),('265881049535'),('265881049545'),('265881050425'),('265881052456'),('265881056707'),('265881066644'),('265881067008'),('265881067338'),('265881068401'),('265881070097'),('265881070262'),('265881071776'),('265881072756'),('265881072993'),('265881073626'),('265881078113'),('265881079369'),('265881080554'),('265881081094'),('265881081097'),('265881081363'),('265881086534'),('265881090979'),('265881092022'),('265881097173'),('265881099912'),('265881100354'),('265881100632'),('265881101391'),('265881107377'),('265881108138'),('265881108419'),('265881108567'),('265881109066'),('265881111755'),('265881114482'),('265881115511'),('265881117266'),('265881118527'),('265881120864'),('265881121738'),('265881123613'),('265881126157'),('265881133471'),('265881135543'),('265881137434'),('265881139947'),('265881144025'),('265881144118'),('265881145550'),('265881147079'),('265881152478'),('265881155485'),('265881160849'),('265881162469'),('265881163681'),('265881164781'),('265881165632'),('265881167363'),('265881168107'),('265881171023'),('265881173688'),('265881178130'),('265881179520'),('265881180140'),('265881182639'),('265881188277'),('265881189162'),('265881189504'),('265881192051'),('265881192745'),('265881192951'),('265881195277'),('265881196067'),('265881196132'),('265881196831'),('265881196921'),('265881198866'),('265881198993'),('265881205033'),('265881205079'),('265881206151'),('265881207529'),('265881208838'),('265881210038'),('265881212617'),('265881214159'),('265881215178'),('265881216824'),('265881217424'),('265881218931'),('265881219674'),('265881220020'),('265881223141'),('265881224746'),('265881226550'),('265881227165'),('265881229037'),('265881234360'),('265881238245'),('265881240077'),('265881241971'),('265881242992'),('265881245510'),('265881251725'),('265881258752'),('265881259392'),('265881259736'),('265881261566'),('265881263953'),('265881264557'),('265881265674'),('265881266270'),('265881273512'),('265881276568'),('265881277010'),('265881277095'),('265881277185'),('265881278984'),('265881282616'),('265881284134'),('265881289133'),('265881289986'),('265881291156'),('265881295950'),('265881301048'),('265881302169'),('265881303105'),('265881303949'),('265881306808'),('265881314036'),('265881316056'),('265881319565'),('265881320355'),('265881324235'),('265881326054'),('265881326665'),('265881332438'),('265881336259'),('265881341166'),('265881343006'),('265881345857'),('265881346372'),('265881347105'),('265881347594'),('265881348437'),('265881354902'),('265881357440'),('265881357746'),('265881359661'),('265881362888'),('265881370697'),('265881373178'),('265881377944'),('265881379546'),('265881381895'),('265881382515'),('265881384063'),('265881384848'),('265881388124'),('265881388567'),('265881389484'),('265881391134'),('265881392924'),('265881393999'),('265881396344'),('265881396722'),('265881400247'),('265881401699'),('265881401866'),('265881402366'),('265881404473'),('265881404627'),('265881408064'),('265881412766'),('265881416316'),('265881416638'),('265881420708'),('265881423931'),('265881424456'),('265881424632'),('265881425502'),('265881432923'),('265881439315'),('265881440232'),('265881441175'),('265881444700'),('265881444999'),('265881447070'),('265881450200'),('265881451841'),('265881455120'),('265881459624'),('265881462859'),('265881465877'),('265881467241'),('265881467761'),('265881469819'),('265881472366'),('265881477058'),('265881477704'),('265881482734'),('265881483377'),('265881486679'),('265881488399'),('265881491944'),('265881493328'),('265881499951'),('265881504411'),('265881504653'),('265881504823'),('265881505312'),('265881507442'),('265881509462'),('265881511448'),('265881515406'),('265881515575'),('265881520009'),('265881520887'),('265881521613'),('265881522822'),('265881525450'),('265881527421'),('265881527984'),('265881530664'),('265881531762'),('265881532822'),('265881532839'),('265881533235'),('265881539434'),('265881553493'),('265881554635'),('265881555280'),('265881565688'),('265881566227'),('265881568459'),('265881568551'),('265881572357'),('265881581196'),('265881582799'),('265881588050'),('265881593319'),('265881594615'),('265881600552'),('265881600731'),('265881601158'),('265881603375'),('265881606636'),('265881606878'),('265881607217'),('265881607240'),('265881607971'),('265881608181'),('265881612655'),('265881617507'),('265881618364'),('265881619568'),('265881619700'),('265881627660'),('265881630041'),('265881632834'),('265881634922'),('265881635022'),('265881638016'),('265881640220'),('265881640889'),('265881641864'),('265881645041'),('265881646159'),('265881647036'),('265881649091'),('265881649222'),('265881649295'),('265881653825'),('265881654698'),('265881658260'),('265881661146'),('265881663600'),('265881665774'),('265881666669'),('265881666733'),('265881670993'),('265881677576'),('265881680107'),('265881682814'),('265881684252'),('265881691993'),('265881693494'),('265881697494'),('265881697677'),('265881704013'),('265881706506'),('265881708564'),('265881708741'),('265881709502'),('265881711280'),('265881711357'),('265881711451'),('265881711757'),('265881712777'),('265881713426'),('265881717765'),('265881718741'),('265881721087'),('265881725104'),('265881725322'),('265881727081'),('265881731884'),('265881731923'),('265881733848'),('265881734301'),('265881737194'),('265881737383'),('265881739643'),('265881739805'),('265881741996'),('265881743441'),('265881747374'),('265881749380'),('265881753264'),('265881758809'),('265881767910'),('265881768569'),('265881768966'),('265881769733'),('265881769872'),('265881771031'),('265881776020'),('265881780047'),('265881783970'),('265881785864'),('265881786308'),('265881789624'),('265881793915'),('265881794152'),('265881796069'),('265881796227'),('265881799019'),('265881799449'),('265881801728'),('265881801855'),('265881806071'),('265881806471'),('265881807171'),('265881807299'),('265881808020'),('265881808298'),('265881810186'),('265881810209'),('265881811866'),('265881812874'),('265881813160'),('265881813651'),('265881815155'),('265881816277'),('265881816388'),('265881816975'),('265881817041'),('265881818576'),('265881822053'),('265881822751'),('265881823341'),('265881823825'),('265881824295'),('265881826832'),('265881826860'),('265881827205'),('265881829047'),('265881830089'),('265881830240'),('265881830438'),('265881830500'),('265881832275'),('265881834105'),('265881835757'),('265881836454'),('265881836648'),('265881838065'),('265881838410'),('265881839319'),('265881840352'),('265881840593'),('265881841123'),('265881841385'),('265881841400'),('265881841459'),('265881842498'),('265881844209'),('265881845990'),('265881847390'),('265881848409'),('265881852939'),('265881856094'),('265881856546'),('265881857182'),('265881857849'),('265881858180'),('265881858529'),('265881858967'),('265881868402'),('265881869794'),('265881869956'),('265881870111'),('265881870449'),('265881873167'),('265881875221'),('265881875681'),('265881876643'),('265881877002'),('265881879608'),('265881880445'),('265881880790'),('265881881801'),('265881882132'),('265881890667'),('265881891692'),('265881899003'),('265881901118'),('265881903572'),('265881916440'),('265881919036'),('265881920044'),('265881920099'),('265881920200'),('265881920567'),('265881922124'),('265881923879'),('265881924527'),('265881939040'),('265881940515'),('265881940709'),('265881944698'),('265881945048'),('265881950543'),('265881950678'),('265881951969'),('265881954253'),('265881955700'),('265881956395'),('265881959438'),('265881962476'),('265881963749'),('265881964225'),('265881966849'),('265881967343'),('265881968727'),('265881970472'),('265881974748'),('265881979341'),('265881980281'),('265881982932'),('265881985709'),('265881986023'),('265881990169'),('265881990285'),('265881993024'),('265881996126'),('265881998660'),('265882002035'),('265882002564'),('265882016956'),('265882017601'),('265882019264'),('265882024580'),('265882032818'),('265882040095'),('265882042522'),('265882044719'),('265882052237'),('265882060034'),('265882066142'),('265882070527'),('265882072690'),('265882079996'),('265882086448'),('265882099204'),('265882109092'),('265882109660'),('265882113935'),('265882114238'),('265882114672'),('265882121370'),('265882122365'),('265882132746'),('265882133888'),('265882135094'),('265882137828'),('265882139220'),('265882139309'),('265882143018'),('265882145282'),('265882145444'),('265882147807'),('265882155538'),('265882157882'),('265882164395'),('265882167065'),('265882167409'),('265882183285'),('265882186547'),('265882190253'),('265882194220'),('265882195490'),('265882198105'),('265882199132'),('265882202572'),('265882202676'),('265882204051'),('265882213381'),('265882217395'),('265882225710'),('265882230747'),('265882231985'),('265882237070'),('265882238054'),('265882238209'),('265882238238'),('265882251568'),('265882255568'),('265882259675'),('265882264497'),('265882274298'),('265882274487'),('265882278438'),('265882286262'),('265882286512'),('265882294555'),('265882299531'),('265882304001'),('265882304068'),('265882304353'),('265882308049'),('265882309055'),('265882316565'),('265882322614'),('265882338454'),('265882343595'),('265882343990'),('265882347667'),('265882347751'),('265882349111'),('265882349546'),('265882349880'),('265882351001'),('265882352891'),('265882354663'),('265882366949'),('265882369414'),('265882378089'),('265882385526'),('265882388121'),('265882389060'),('265882389636'),('265882402966'),('265882404042'),('265882413448'),('265882415287'),('265882423185'),('265882424985'),('265882425403'),('265882431679'),('265882434173'),('265882435187'),('265882435445'),('265882436868'),('265882437019'),('265882438090'),('265882440776'),('265882441926'),('265882442059'),('265882442620'),('265882447006'),('265882449480'),('265882452596'),('265882454275'),('265882471910'),('265882479491'),('265882488774'),('265882494533'),('265882496517'),('265882502459'),('265882504544'),('265882514057'),('265882530684'),('265882534022'),('265882536798'),('265882539200'),('265882540036'),('265882546338'),('265882552060'),('265882557533'),('265882560094'),('265882560821'),('265882561018'),('265882563319'),('265882564689'),('265882564839'),('265882569281'),('265882569594'),('265882569655'),('265882569778'),('265882577573'),('265882583071'),('265882586662'),('265882595253'),('265882606047'),('265882606433'),('265882610051'),('265882611852'),('265882623836'),('265882625645'),('265882629384'),('265882631299'),('265882634260'),('265882635277'),('265882636998'),('265882640599'),('265882641370'),('265882647751'),('265882648807'),('265882654976'),('265882655444'),('265882655705'),('265882655881'),('265882658404'),('265882662500'),('265882664328'),('265882667417'),('265882671074'),('265882672624'),('265882673495'),('265882674902'),('265882676652'),('265882679268'),('265882680622'),('265882683070'),('265882694883'),('265882695947'),('265882708399'),('265882708651'),('265882709011'),('265882709391'),('265882712662'),('265882715634'),('265882715996'),('265882716415'),('265882719624'),('265882720706'),('265882724979'),('265882729164'),('265882734701'),('265882736487'),('265882738084'),('265882739359'),('265882753297'),('265882757506'),('265882760382'),('265882761881'),('265882764440'),('265882771444'),('265882775825'),('265882778271'),('265882779726'),('265882786835'),('265882799792'),('265882807503'),('265882812560'),('265882817551'),('265882826757'),('265882834378'),('265882837260'),('265882837652'),('265882840339'),('265882843893'),('265882844116'),('265882844420'),('265882850313'),('265882850877'),('265882864691'),('265882866560'),('265882868228'),('265882868452'),('265882868857'),('265882876678'),('265882880675'),('265882880709'),('265882890920'),('265882891456'),('265882893735'),('265882899036'),('265882900628'),('265882902372'),('265882902732'),('265882905178'),('265882911631'),('265882912171'),('265882923423'),('265882946925'),('265882955520'),('265882960448'),('265882964037'),('265882977652'),('265882979124'),('265882980932'),('265882984182'),('265882986866'),('265882991072'),('265882992022'),('265882994964'),('265882997422'),('265883049331'),('265883086756'),('265883090603'),('265883109076'),('265883166472'),('265883173826'),('265883175792'),('265883246397'),('265883259409'),('265883266977'),('265883268449'),('265883286151'),('265883291611'),('265883294878'),('265883300888'),('265883305254'),('265883307484'),('265883327252'),('265883337435'),('265883338787'),('265883381584'),('265883381802'),('265883431037'),('265883449000'),('265883454473'),('265883460476'),('265883460947'),('265883506215'),('265883511778'),('265883564672'),('265883568775'),('265883604758'),('265883608801'),('265883621623'),('265883624605'),('265883625450'),('265883659291'),('265883669069'),('265883671000'),('265883679188'),('265883680660'),('265883690624'),('265883700214'),('265883726060'),('265883738976'),('265883741065'),('265883741135'),('265883741192'),('265883749306'),('265883782504'),('265883795101'),('265883875666'),('265883880808'),('265883883627'),('265883997704'),('265884001523'),('265884001688'),('265884002055'),('265884002693'),('265884004906'),('265884006735'),('265884007003'),('265884008381'),('265884011509'),('265884013690'),('265884015160'),('265884018965'),('265884020603'),('265884020901'),('265884021412'),('265884021648'),('265884022105'),('265884022761'),('265884023129'),('265884023244'),('265884023832'),('265884024146'),('265884024759'),('265884025718'),('265884028822'),('265884029041'),('265884029752'),('265884032939'),('265884033530'),('265884035568'),('265884036089'),('265884038191'),('265884038407'),('265884039744'),('265884040278'),('265884040391'),('265884040615'),('265884042113'),('265884044271'),('265884044685'),('265884046563'),('265884047106'),('265884047656'),('265884048396'),('265884050707'),('265884051461'),('265884051680'),('265884052687'),('265884053443'),('265884056201'),('265884057761'),('265884058505'),('265884058639'),('265884059636'),('265884062409'),('265884062777'),('265884066134'),('265884066588'),('265884068208'),('265884070568'),('265884071583'),('265884072710'),('265884073659'),('265884076901'),('265884077001'),('265884077037'),('265884079391'),('265884080002'),('265884080164'),('265884080848'),('265884080896'),('265884081034'),('265884083328'),('265884086563'),('265884086573'),('265884086915'),('265884088507'),('265884088849'),('265884088885'),('265884089915'),('265884092477'),('265884094848'),('265884095385'),('265884096171'),('265884096535'),('265884096981'),('265884100390'),('265884100602'),('265884101324'),('265884103992'),('265884104004'),('265884106166'),('265884108640'),('265884112043'),('265884112891'),('265884113703'),('265884117759'),('265884118047'),('265884118253'),('265884119941'),('265884121442'),('265884122598'),('265884123447'),('265884123491'),('265884125949'),('265884128158'),('265884128689'),('265884129419'),('265884130232'),('265884134090'),('265884134663'),('265884135922'),('265884136724'),('265884139381'),('265884141251'),('265884142491'),('265884144852'),('265884146953'),('265884148438'),('265884151850'),('265884157807'),('265884158692'),('265884160162'),('265884160216'),('265884160325'),('265884163857'),('265884167411'),('265884167467'),('265884167677'),('265884172202'),('265884173379'),('265884176616'),('265884177086'),('265884179300'),('265884183070'),('265884184992'),('265884186032'),('265884188135'),('265884188870'),('265884190470'),('265884191194'),('265884196238'),('265884197401'),('265884197913'),('265884200372'),('265884201749'),('265884201864'),('265884202609'),('265884202617'),('265884203224'),('265884204228'),('265884205618'),('265884205835'),('265884209190'),('265884213003'),('265884215236'),('265884215404'),('265884217526'),('265884220317'),('265884220774'),('265884224256'),('265884225419'),('265884227351'),('265884230074'),('265884230886'),('265884236283'),('265884244123'),('265884244142'),('265884246431'),('265884250291'),('265884250678'),('265884252306'),('265884254393'),('265884254611'),('265884255337'),('265884258377'),('265884259396'),('265884259896'),('265884262347'),('265884263297'),('265884263565'),('265884265043'),('265884266103'),('265884268130'),('265884270294'),('265884272316'),('265884272405'),('265884273246'),('265884276730'),('265884277850'),('265884283223'),('265884287706'),('265884288862'),('265884288925'),('265884289188'),('265884294111'),('265884298256'),('265884299538'),('265884299600'),('265884300309'),('265884303819'),('265884304225'),('265884304276'),('265884304386'),('265884304864'),('265884306594'),('265884308048'),('265884308220'),('265884309396'),('265884309572'),('265884309798'),('265884311848'),('265884312010'),('265884312610'),('265884316146'),('265884316899'),('265884317450'),('265884318494'),('265884321453'),('265884321500'),('265884321762'),('265884323734'),('265884324450'),('265884326691'),('265884326797'),('265884326798'),('265884332447'),('265884332740'),('265884336935'),('265884339016'),('265884339251'),('265884340155'),('265884340967'),('265884341898'),('265884344601'),('265884346530'),('265884347476'),('265884347573'),('265884349166'),('265884351323'),('265884351918'),('265884355113'),('265884357930'),('265884361623'),('265884364688'),('265884365114'),('265884365441'),('265884365541'),('265884365695'),('265884368656'),('265884369313'),('265884369451'),('265884371325'),('265884372918'),('265884373813'),('265884375150'),('265884378124'),('265884379070'),('265884379162'),('265884379263'),('265884379290'),('265884379984'),('265884381434'),('265884383812'),('265884384378'),('265884385235'),('265884387117'),('265884389791'),('265884390322'),('265884393982'),('265884394676'),('265884396280'),('265884397023'),('265884399714'),('265884400010'),('265884400012'),('265884401992'),('265884403670'),('265884405869'),('265884406596'),('265884407201'),('265884407376'),('265884408253'),('265884410353'),('265884414426'),('265884416018'),('265884416691'),('265884418414'),('265884418553'),('265884418709'),('265884419933'),('265884420557'),('265884420630'),('265884421119'),('265884427546'),('265884428494'),('265884429160'),('265884431745'),('265884432595'),('265884432778'),('265884433272'),('265884433275'),('265884433795'),('265884434080'),('265884434728'),('265884435776'),('265884443839'),('265884446625'),('265884447039'),('265884448821'),('265884451008'),('265884452884'),('265884459250'),('265884463115'),('265884463168'),('265884463191'),('265884463952'),('265884464080'),('265884464228'),('265884464888'),('265884466301'),('265884467523'),('265884468520'),('265884468747'),('265884469893'),('265884471894'),('265884473187'),('265884473300'),('265884474512'),('265884475221'),('265884475787'),('265884476077'),('265884477116'),('265884478526'),('265884479544'),('265884480636'),('265884482719'),('265884483262'),('265884483723'),('265884489051'),('265884489693'),('265884490903'),('265884491406'),('265884492524'),('265884493945'),('265884494626'),('265884498068'),('265884498365'),('265884500570'),('265884502002'),('265884503393'),('265884505056'),('265884506125'),('265884506371'),('265884509211'),('265884511155'),('265884511902'),('265884512286'),('265884512863'),('265884513743'),('265884514900'),('265884516400'),('265884516856'),('265884517076'),('265884522793'),('265884523745'),('265884526081'),('265884526995'),('265884528669'),('265884531116'),('265884534825'),('265884536001'),('265884539436'),('265884539523'),('265884541447'),('265884542130'),('265884543739'),('265884544137'),('265884544166'),('265884544775'),('265884545441'),('265884545449'),('265884545459'),('265884545666'),('265884545770'),('265884546892'),('265884548831'),('265884550552'),('265884555470'),('265884562238'),('265884563415'),('265884565059'),('265884567353'),('265884567811'),('265884568611'),('265884574440'),('265884575113'),('265884575757'),('265884578835'),('265884583128'),('265884590563'),('265884592287'),('265884594472'),('265884595934'),('265884596673'),('265884597226'),('265884600010'),('265884603311'),('265884604666'),('265884605942'),('265884607831'),('265884612373'),('265884614150'),('265884615157'),('265884616825'),('265884616942'),('265884616974'),('265884617575'),('265884618208'),('265884618877'),('265884619616'),('265884620096'),('265884620402'),('265884620632'),('265884622268'),('265884623901'),('265884624078'),('265884628823'),('265884629232'),('265884636928'),('265884644306'),('265884645740'),('265884646237'),('265884646968'),('265884648219'),('265884648988'),('265884652861'),('265884653658'),('265884656051'),('265884656155'),('265884657739'),('265884664926'),('265884666751'),('265884666977'),('265884668038'),('265884670197'),('265884673364'),('265884676710'),('265884677557'),('265884680001'),('265884683030'),('265884687488'),('265884696114'),('265884704042'),('265884706883'),('265884708213'),('265884709640'),('265884717482'),('265884717640'),('265884718110'),('265884718241'),('265884718437'),('265884721286'),('265884735395'),('265884735777'),('265884736071'),('265884740952'),('265884741582'),('265884742938'),('265884747512'),('265884747999'),('265884752118'),('265884752728'),('265884754806'),('265884755300'),('265884757395'),('265884759002'),('265884762125'),('265884762689'),('265884765944'),('265884766776'),('265884772542'),('265884775965'),('265884781217'),('265884799651'),('265884810156'),('265884818658'),('265884828890'),('265884832792'),('265884834100'),('265884834521'),('265884837981'),('265884838158'),('265884855035'),('265884861898'),('265884862880'),('265884863429'),('265884864015'),('265884868641'),('265884872325'),('265884892799'),('265884901315'),('265884908717'),('265884909680'),('265884911513'),('265884911619'),('265884911771'),('265884917972'),('265884919095'),('265884922985'),('265884926584'),('265884931538'),('265884932774'),('265884933617'),('265884936413'),('265884936912'),('265884938519'),('265884938577'),('265884940245'),('265884942252'),('265884943566'),('265884943659'),('265884944157'),('265884947489'),('265884948837'),('265884949587'),('265884952702'),('265884959318'),('265884960200'),('265884961387'),('265884961463'),('265884962322'),('265884965137'),('265884969332'),('265884970394'),('265884970740'),('265884974321'),('265884975375'),('265884975549'),('265884980273'),('265884980590'),('265884982250'),('265884983517'),('265884987132'),('265884990828'),('265884992923'),('265884996253'),('265884998145'),('265885024221'),('265885024237'),('265885024765'),('265885030108'),('265885034802'),('265885060703'),('265885062204'),('265885062731'),('265885084993'),('265885087965'),('265885095183'),('265885110493'),('265885119190'),('265885123515'),('265885126396'),('265885126984'),('265885159619'),('265885178769'),('265885192909'),('265885206653'),('265885225400'),('265885240025'),('265885243648'),('265885253275'),('265885260494'),('265885318028'),('265885318101'),('265885328555'),('265885332030'),('265885364482'),('265885383295'),('265885383753'),('265885397516'),('265885401683'),('265885419828'),('265885424521'),('265885428718'),('265885433633'),('265885437886'),('265885443001'),('265885444161'),('265885444289'),('265885457097'),('265885458068'),('265885463301'),('265885468592'),('265885523668'),('265885528219'),('265885531157'),('265885550361'),('265885564821'),('265885572498'),('265885592946'),('265885624386'),('265885640420'),('265885654214'),('265885722675'),('265885742987'),('265885757760'),('265885766555'),('265885771938'),('265885781414'),('265885787633'),('265885790447'),('265885795986'),('265885842951'),('265885857011'),('265885864206'),('265885870870'),('265885880336'),('265885945841'),('265885947802'),('265885970034'),('265886017700'),('265886051979'),('265886096930'),('265886126224'),('265886195455'),('265886215554'),('265886220181'),('265886233543'),('265886251696'),('265886266689'),('265886272996'),('265886274688'),('265886346554'),('265886358184'),('265886386488'),('265886448882'),('265886450122'),('265886461710'),('265886463792'),('265886482747'),('265886485134'),('265886493984'),('265886500243'),('265886538081'),('265886548705'),('265886596688'),('265886636411'),('265886636412'),('265886661843'),('265886677870'),('265886678165'),('265886744818'),('265886785137'),('265886804438'),('265886804939'),('265886835626'),('265886839861'),('265886848211'),('265886900995'),('265886901298'),('265886913315'),('265886927057'),('265886949230'),('265886989688'),('265887126784'),('265887186547'),('265887486895'),('265887576165'),('265888000779'),('265888002586'),('265888003635'),('265888005273'),('265888005286'),('265888005327'),('265888008575'),('265888008675'),('265888008910'),('265888010148'),('265888011177'),('265888012312'),('265888018211'),('265888021203'),('265888021921'),('265888021970'),('265888023929'),('265888024288'),('265888027346'),('265888031817'),('265888033990'),('265888034454'),('265888035174'),('265888036656'),('265888048516'),('265888049402'),('265888051246'),('265888052089'),('265888054814'),('265888060410'),('265888062764'),('265888066366'),('265888066624'),('265888077819'),('265888080742'),('265888088711'),('265888089805'),('265888100541'),('265888100602'),('265888101811'),('265888102629'),('265888103854'),('265888104117'),('265888111233'),('265888112052'),('265888113202'),('265888113859'),('265888114416'),('265888116185'),('265888117079'),('265888117466'),('265888117661'),('265888117869'),('265888118125'),('265888119615'),('265888120487'),('265888121179'),('265888121444'),('265888123189'),('265888124017'),('265888125527'),('265888125577'),('265888126212'),('265888128559'),('265888128653'),('265888128962'),('265888131388'),('265888131760'),('265888132233'),('265888134120'),('265888134222'),('265888136240'),('265888136598'),('265888136619'),('265888138373'),('265888138428'),('265888141437'),('265888141790'),('265888145038'),('265888145557'),('265888146778'),('265888151309'),('265888152350'),('265888152600'),('265888154421'),('265888155229'),('265888156131'),('265888157726'),('265888164949'),('265888166026'),('265888166519'),('265888166568'),('265888166608'),('265888167750'),('265888172788'),('265888173404'),('265888174615'),('265888174811'),('265888174883'),('265888177667'),('265888177704'),('265888178068'),('265888179364'),('265888179622'),('265888179862'),('265888180375'),('265888183889'),('265888187321'),('265888187504'),('265888188557'),('265888191713'),('265888192787'),('265888193478'),('265888193734'),('265888194383'),('265888196797'),('265888197555'),('265888198366'),('265888198992'),('265888199780'),('265888201832'),('265888202107'),('265888202844'),('265888203931'),('265888203947'),('265888204480'),('265888205018'),('265888205153'),('265888207739'),('265888208361'),('265888209509'),('265888209955'),('265888210363'),('265888219455'),('265888221308'),('265888222163'),('265888229768'),('265888230195'),('265888230550'),('265888233071'),('265888236408'),('265888236785'),('265888237440'),('265888238369'),('265888242936'),('265888244272'),('265888246939'),('265888248429'),('265888250043'),('265888256035'),('265888261116'),('265888268447'),('265888271161'),('265888271521'),('265888275511'),('265888281847'),('265888283246'),('265888283767'),('265888289841'),('265888292759'),('265888298787'),('265888300098'),('265888303510'),('265888303857'),('265888305566'),('265888305947'),('265888306043'),('265888306283'),('265888306687'),('265888307637'),('265888309359'),('265888310912'),('265888311779'),('265888311818'),('265888315173'),('265888315353'),('265888315497'),('265888315687'),('265888315784'),('265888315785'),('265888315972'),('265888316576'),('265888316908'),('265888317089'),('265888317103'),('265888317630'),('265888318116'),('265888318504'),('265888320706'),('265888321019'),('265888321304'),('265888321595'),('265888322073'),('265888322744'),('265888323071'),('265888323471'),('265888324300'),('265888324837'),('265888325799'),('265888326450'),('265888326796'),('265888327445'),('265888327619'),('265888329227'),('265888329952'),('265888330877'),('265888330944'),('265888331108'),('265888331244'),('265888331439'),('265888331469'),('265888331585'),('265888333032'),('265888333516'),('265888333666'),('265888336652'),('265888338550'),('265888338622'),('265888338700'),('265888339646'),('265888341096'),('265888341530'),('265888341538'),('265888342030'),('265888342186'),('265888342364'),('265888342451'),('265888342475'),('265888343535'),('265888343569'),('265888344936'),('265888346425'),('265888348001'),('265888348093'),('265888348273'),('265888348362'),('265888348384'),('265888348431'),('265888348771'),('265888348829'),('265888349140'),('265888350075'),('265888351446'),('265888352393'),('265888352828'),('265888353276'),('265888353408'),('265888353621'),('265888354007'),('265888356302'),('265888357400'),('265888358500'),('265888358580'),('265888360101'),('265888361303'),('265888361311'),('265888361428'),('265888363999'),('265888364048'),('265888364300'),('265888364346'),('265888364616'),('265888365189'),('265888365200'),('265888365298'),('265888365385'),('265888365404'),('265888365564'),('265888365622'),('265888366151'),('265888366477'),('265888367351'),('265888367430'),('265888368180'),('265888368756'),('265888369119'),('265888369826'),('265888370913'),('265888370919'),('265888370964'),('265888371775'),('265888371849'),('265888372210'),('265888373340'),('265888373972'),('265888375555'),('265888375993'),('265888376096'),('265888376164'),('265888376496'),('265888376498'),('265888376570'),('265888377208'),('265888379323'),('265888379790'),('265888380186'),('265888381101'),('265888381519'),('265888382988'),('265888383637'),('265888383699'),('265888384142'),('265888385866'),('265888385939'),('265888386221'),('265888386531'),('265888387037'),('265888387500'),('265888387700'),('265888390602'),('265888391012'),('265888391665'),('265888393906'),('265888396873'),('265888398355'),('265888398679'),('265888398749'),('265888399708'),('265888400916'),('265888402322'),('265888402711'),('265888403386'),('265888403770'),('265888404102'),('265888412648'),('265888412807'),('265888413573'),('265888414454'),('265888415885'),('265888415923'),('265888416804'),('265888417423'),('265888417769'),('265888419421'),('265888420018'),('265888420042'),('265888422852'),('265888433760'),('265888435328'),('265888435573'),('265888441155'),('265888444652'),('265888446577'),('265888447496'),('265888448184'),('265888448830'),('265888455667'),('265888459019'),('265888459155'),('265888459158'),('265888459476'),('265888459477'),('265888460198'),('265888463508'),('265888463814'),('265888465129'),('265888468487'),('265888473695'),('265888478560'),('265888479676'),('265888480470'),('265888480696'),('265888484684'),('265888488733'),('265888489529'),('265888490393'),('265888498828'),('265888499950'),('265888500003'),('265888501107'),('265888501509'),('265888501968'),('265888504091'),('265888504161'),('265888505294'),('265888505822'),('265888506126'),('265888506750'),('265888508147'),('265888511156'),('265888511203'),('265888511918'),('265888512307'),('265888513246'),('265888513678'),('265888514241'),('265888514282'),('265888515067'),('265888515886'),('265888516319'),('265888517228'),('265888517642'),('265888518990'),('265888518992'),('265888519623'),('265888520062'),('265888520500'),('265888520628'),('265888520836'),('265888522315'),('265888522522'),('265888522524'),('265888522580'),('265888523816'),('265888524197'),('265888525111'),('265888525411'),('265888526184'),('265888526325'),('265888526784'),('265888527039'),('265888530289'),('265888530843'),('265888531110'),('265888531479'),('265888532591'),('265888533316'),('265888533625'),('265888537975'),('265888538601'),('265888540386'),('265888542194'),('265888543254'),('265888543354'),('265888544000'),('265888544818'),('265888544840'),('265888544853'),('265888544893'),('265888546605'),('265888546837'),('265888547030'),('265888547227'),('265888548296'),('265888551601'),('265888551805'),('265888552266'),('265888552937'),('265888553162'),('265888553578'),('265888553587'),('265888554009'),('265888554025'),('265888554433'),('265888554493'),('265888555104'),('265888555361'),('265888555492'),('265888555751'),('265888556756'),('265888556973'),('265888558039'),('265888559118'),('265888559568'),('265888560122'),('265888560283'),('265888560864'),('265888560916'),('265888560936'),('265888561228'),('265888561312'),('265888561507'),('265888561627'),('265888562233'),('265888562555'),('265888562772'),('265888562806'),('265888562885'),('265888562987'),('265888563072'),('265888563386'),('265888563888'),('265888563992'),('265888564251'),('265888565231'),('265888565285'),('265888565729'),('265888565758'),('265888565809'),('265888565945'),('265888566435'),('265888566637'),('265888567209'),('265888568075'),('265888568246'),('265888568433'),('265888569573'),('265888573811'),('265888573953'),('265888575082'),('265888576382'),('265888577001'),('265888577217'),('265888579638'),('265888579978'),('265888580528'),('265888580670'),('265888581264'),('265888582132'),('265888583911'),('265888583937'),('265888584246'),('265888584408'),('265888584541'),('265888585068'),('265888585152'),('265888585956'),('265888586520'),('265888586678'),('265888586693'),('265888587051'),('265888589099'),('265888590117'),('265888590240'),('265888592215'),('265888594457'),('265888594920'),('265888595059'),('265888596308'),('265888599673'),('265888600423'),('265888600463'),('265888600513'),('265888601146'),('265888601415'),('265888601880'),('265888602066'),('265888602639'),('265888604141'),('265888604295'),('265888604442'),('265888606452'),('265888608900'),('265888610688'),('265888612070'),('265888614006'),('265888615015'),('265888616829'),('265888617015'),('265888618276'),('265888618858'),('265888619240'),('265888619551'),('265888620488'),('265888620624'),('265888620913'),('265888621919'),('265888624240'),('265888625505'),('265888626350'),('265888626848'),('265888626953'),('265888626966'),('265888627061'),('265888627072'),('265888627222'),('265888627691'),('265888628009'),('265888629170'),('265888629882'),('265888631406'),('265888631912'),('265888631951'),('265888632097'),('265888632579'),('265888632864'),('265888632970'),('265888633029'),('265888634004'),('265888634806'),('265888636667'),('265888636687'),('265888636904'),('265888637940'),('265888639620'),('265888640200'),('265888640434'),('265888641661'),('265888642136'),('265888642187'),('265888642322'),('265888643311'),('265888644074'),('265888645215'),('265888646665'),('265888646705'),('265888646771'),('265888647045'),('265888647067'),('265888647286'),('265888647672'),('265888648817'),('265888648876'),('265888649403'),('265888649406'),('265888649714'),('265888649850'),('265888650150'),('265888650900'),('265888651834'),('265888651845'),('265888652049'),('265888652095'),('265888652408'),('265888653179'),('265888653704'),('265888653865'),('265888653966'),('265888654117'),('265888654856'),('265888656052'),('265888656210'),('265888656566'),('265888656833'),('265888656974'),('265888659019'),('265888659142'),('265888660489'),('265888660620'),('265888660767'),('265888661774'),('265888662240'),('265888663672'),('265888665024'),('265888667636'),('265888669352'),('265888669467'),('265888670925'),('265888672320'),('265888672779'),('265888673393'),('265888674516'),('265888674844'),('265888675050'),('265888675425'),('265888675566'),('265888676552'),('265888676596'),('265888678817'),('265888679005'),('265888679464'),('265888679727'),('265888680363'),('265888681063'),('265888681210'),('265888681246'),('265888681362'),('265888681368'),('265888681774'),('265888682019'),('265888682071'),('265888682214'),('265888685782'),('265888685994'),('265888687474'),('265888687768'),('265888690639'),('265888690663'),('265888691615'),('265888691708'),('265888692291'),('265888693076'),('265888693350'),('265888693730'),('265888694656'),('265888695049'),('265888695852'),('265888696668'),('265888698855'),('265888698897'),('265888700170'),('265888700174'),('265888701195'),('265888701222'),('265888701788'),('265888702182'),('265888703459'),('265888703888'),('265888705555'),('265888705952'),('265888710846'),('265888711055'),('265888712198'),('265888712708'),('265888714932'),('265888715565'),('265888718811'),('265888718879'),('265888719938'),('265888720772'),('265888721396'),('265888721956'),('265888722053'),('265888722853'),('265888723322'),('265888724234'),('265888726739'),('265888727181'),('265888729487'),('265888731513'),('265888731799'),('265888732367'),('265888736652'),('265888736833'),('265888739231'),('265888739500'),('265888739584'),('265888740588'),('265888740950'),('265888741727'),('265888741784'),('265888742097'),('265888742475'),('265888743624'),('265888744151'),('265888746824'),('265888747688'),('265888748003'),('265888748984'),('265888750690'),('265888752023'),('265888752366'),('265888754225'),('265888754784'),('265888754792'),('265888754826'),('265888755941'),('265888757047'),('265888758572'),('265888759264'),('265888760924'),('265888761632'),('265888763936'),('265888765314'),('265888765364'),('265888765527'),('265888766177'),('265888766830'),('265888767665'),('265888768140'),('265888768241'),('265888768382'),('265888768669'),('265888769256'),('265888769548'),('265888769764'),('265888770469'),('265888773751'),('265888775854'),('265888775868'),('265888776483'),('265888777094'),('265888777118'),('265888777272'),('265888777766'),('265888778172'),('265888778288'),('265888778451'),('265888782527'),('265888784734'),('265888785334'),('265888786171'),('265888786862'),('265888788306'),('265888795521'),('265888795721'),('265888795830'),('265888796460'),('265888798588'),('265888815910'),('265888821639'),('265888825281'),('265888827060'),('265888832201'),('265888833906'),('265888834711'),('265888836209'),('265888837649'),('265888837873'),('265888838452'),('265888841785'),('265888842377'),('265888843270'),('265888844407'),('265888846000'),('265888847188'),('265888850005'),('265888850272'),('265888850750'),('265888851048'),('265888851351'),('265888852499'),('265888852593'),('265888852658'),('265888852906'),('265888854317'),('265888854809'),('265888854850'),('265888854990'),('265888855482'),('265888855580'),('265888855845'),('265888856125'),('265888856553'),('265888856809'),('265888857053'),('265888857355'),('265888858606'),('265888860254'),('265888860699'),('265888860980'),('265888861204'),('265888862655'),('265888863565'),('265888865030'),('265888865302'),('265888865454'),('265888865601'),('265888865666'),('265888867543'),('265888867751'),('265888867768'),('265888867807'),('265888868782'),('265888869576'),('265888871274'),('265888871311'),('265888871453'),('265888871920'),('265888872088'),('265888872340'),('265888874207'),('265888876830'),('265888876909'),('265888877065'),('265888877271'),('265888877528'),('265888877698'),('265888877781'),('265888877846'),('265888878506'),('265888878588'),('265888881475'),('265888881902'),('265888883877'),('265888884166'),('265888884730'),('265888884773'),('265888885073'),('265888885508'),('265888890397'),('265888892019'),('265888892500'),('265888892959'),('265888894082'),('265888894598'),('265888895211'),('265888895253'),('265888896105'),('265888896531'),('265888896651'),('265888897613'),('265888897706'),('265888897910'),('265888897928'),('265888897958'),('265888898079'),('265888898100'),('265888898337'),('265888898850'),('265888899449'),('265888899495'),('265888899549'),('265888899896'),('265888899952'),('265888901544'),('265888901562'),('265888902510'),('265888909203'),('265888910021'),('265888912017'),('265888912341'),('265888912761'),('265888913345'),('265888915756'),('265888916151'),('265888917926'),('265888927774'),('265888928476'),('265888929413'),('265888930680'),('265888933810'),('265888934634'),('265888935448'),('265888936852'),('265888937139'),('265888937333'),('265888939032'),('265888944213'),('265888948585'),('265888950212'),('265888950452'),('265888950595'),('265888954584'),('265888955625'),('265888961249'),('265888973275'),('265888973981'),('265888975034'),('265888977013'),('265888981083'),('265888983975'),('265888985161'),('265888986554'),('265888987210'),('265888988184'),('265888989038'),('265888991010'),('265888991979'),('265888998751'),('265888999667'),('265889297454'),('265889684460'),('265990018422'),('265990034211'),('265990221900'),('265990461500'),('265991005845'),('265991006114'),('265991012366'),('265991015550'),('265991015591'),('265991016888'),('265991022889'),('265991022999'),('265991024297'),('265991035660'),('265991042916'),('265991045618'),('265991053628'),('265991055486'),('265991060170'),('265991065223'),('265991068476'),('265991068768'),('265991087501'),('265991110977'),('265991111028'),('265991114000'),('265991120235'),('265991133111'),('265991133955'),('265991134636'),('265991136024'),('265991145686'),('265991159770'),('265991161247'),('265991176402'),('265991180845'),('265991183162'),('265991184967'),('265991195333'),('265991221490'),('265991228040'),('265991233563'),('265991239442'),('265991248230'),('265991257258'),('265991262488'),('265991268628'),('265991274275'),('265991281425'),('265991295788'),('265991311317'),('265991316790'),('265991317003'),('265991319319'),('265991337769'),('265991341685'),('265991345330'),('265991348304'),('265991357722'),('265991366647'),('265991372215'),('265991390020'),('265991397360'),('265991401168'),('265991405152'),('265991405329'),('265991405629'),('265991408204'),('265991411050'),('265991415093'),('265991437172'),('265991437418'),('265991443692'),('265991446657'),('265991452891'),('265991473983'),('265991476628'),('265991494565'),('265991501207'),('265991505087'),('265991512060'),('265991515950'),('265991530707'),('265991539432'),('265991547878'),('265991564829'),('265991567313'),('265991573156'),('265991580696'),('265991603739'),('265991632350'),('265991647408'),('265991647718'),('265991650221'),('265991663335'),('265991667152'),('265991675151'),('265991692929'),('265991700025'),('265991733868'),('265991736789'),('265991740702'),('265991744503'),('265991747032'),('265991754400'),('265991760782'),('265991764500'),('265991768500'),('265991770892'),('265991776279'),('265991776469'),('265991790113'),('265991812051'),('265991818566'),('265991849377'),('265991849668'),('265991873771'),('265991889844'),('265991907275'),('265991910010'),('265991911438'),('265991915733'),('265991916838'),('265991920276'),('265991924121'),('265991936452'),('265991939619'),('265991940401'),('265991974090'),('265991980404'),('265991980662'),('265991981387'),('265991983978'),('265992002000'),('265992008625'),('265992017784'),('265992026286'),('265992032333'),('265992037898'),('265992038710'),('265992040162'),('265992041664'),('265992047821'),('265992050926'),('265992054562'),('265992070983'),('265992080102'),('265992081402'),('265992085594'),('26599208753'),('265992090151'),('265992091548'),('265992095644'),('265992098599'),('265992109633'),('265992121096'),('265992123798'),('265992127693'),('265992136119'),('265992138742'),('265992142438'),('265992145771'),('265992146116'),('265992156152'),('265992218820'),('265992219935'),('265992222262'),('265992228028'),('265992233350'),('265992242702'),('265992243722'),('265992255773'),('265992281950'),('265992288138'),('265992295344'),('265992301905'),('265992307331'),('265992307346'),('265992307579'),('265992309997'),('265992335004'),('265992337861'),('265992349505'),('265992384602'),('265992427841'),('265992433053'),('265992436368'),('265992436543'),('265992446932'),('265992461496'),('265992462552'),('265992464264'),('265992465700'),('265992475090'),('265992508710'),('265992511804'),('265992519954'),('265992527438'),('265992533417'),('265992536916'),('265992538092'),('265992538097'),('265992538847'),('265992549866'),('265992586950'),('265992595343'),('265992600754'),('265992606063'),('265992626469'),('265992628196'),('265992682219'),('265992713100'),('265992718393'),('265992721456'),('265992722970'),('265992733735'),('265992741144'),('265992745634'),('265992752660'),('265992752838'),('265992765163'),('265992768316'),('265992770117'),('265992788863'),('265992798989'),('265992799484'),('265992807854'),('265992818348'),('265992836528'),('265992840818'),('265992845398'),('265992859902'),('265992867394'),('265992867435'),('265992868985'),('265992874575'),('265992895868'),('265992929626'),('265992930101'),('265992936521'),('265992939992'),('265992951449'),('265992951490'),('265992951507'),('265992951538'),('265992957566'),('265992969306'),('265992970999'),('265992973280'),('265992997479'),('265993002488'),('265993020440'),('265993029083'),('265993032869'),('265993039658'),('265993050912'),('265993055795'),('265993055798'),('265993055838'),('265993059883'),('265993065266'),('265993079166'),('265993079927'),('265993081295'),('265993082391'),('265993083758'),('265993087387'),('265993091498'),('265993091685'),('265993105234'),('265993106828'),('265993107117'),('265993139774'),('265993141874'),('265993144635'),('265993147043'),('265993155749'),('265993156831'),('265993157028'),('265993169101'),('265993176825'),('265993179988'),('265993183266'),('265993185889'),('265993185980'),('265993201651'),('265993212358'),('265993217874'),('265993218399'),('265993232470'),('265993232512'),('265993233313'),('265993238556'),('265993256033'),('265993266224'),('265993266782'),('265993268696'),('265993279085'),('265993281312'),('265993295849'),('265993299920'),('265993299993'),('265993301215'),('265993303450'),('265993321718'),('265993324889'),('265993329618'),('265993331323'),('265993334137'),('265993339833'),('265993345843'),('265993355899'),('265993357220'),('265993358241'),('265993360155'),('265993363501'),('265993367793'),('265993376614'),('265993393843'),('265993412348'),('265993412471'),('265993414356'),('265993414713'),('265993425145'),('265993439572'),('265993440221'),('265993450928'),('265993452067'),('265993456723'),('265993465375'),('265993467916'),('265993468505'),('265993495065'),('265993496371'),('265993497090'),('265993506435'),('265993509365'),('265993511794'),('265993521408'),('265993529468'),('265993534916'),('265993539244'),('265993547896'),('265993551444'),('265993565057'),('265993568112'),('265993575651'),('265993593704'),('265993603997'),('265993612828'),('265993617946'),('265993623534'),('265993626622'),('265993629880'),('265993632778'),('265993636863'),('265993645218'),('265993652283'),('265993654779'),('265993655631'),('265993656838'),('265993663257'),('265993663666'),('265993683080'),('265993683645'),('265993694883'),('265993711991'),('265993719629'),('265993721289'),('265993733678'),('265993733960'),('265993737564'),('265993741180'),('265993742056'),('265993754074'),('265993755144'),('265993770137'),('265993784801'),('265993786605'),('265993794260'),('265993794342'),('265993794445'),('265993804559'),('265993806327'),('265993823999'),('265993824191'),('265993829972'),('265993831506'),('265993835462'),('265993845722'),('265993847876'),('265993851337'),('265993852513'),('265993853931'),('265993853951'),('265993858421'),('265993867595'),('265993869283'),('265993869829'),('265993873026'),('265993874198'),('265993878215'),('265993882272'),('265993894694'),('265993895908'),('265993913163'),('265993916203'),('265993926311'),('265993933311'),('265993933540'),('265993933808'),('265993936200'),('265993940833'),('265993946799'),('265993947596'),('265993959418'),('265993970198'),('265993977899'),('265993980977'),('265993990269'),('265993994449'),('265994005100'),('265994017415'),('265994026840'),('265994028223'),('265994037282'),('265994042802'),('265994044289'),('2659940444'),('265994051949'),('265994056718'),('265994113080'),('265994115014'),('265994126520'),('265994143262'),('265994166069'),('265994166961'),('265994169703'),('265994170281'),('265994180830'),('265994195402'),('265994208165'),('265994208171'),('265994209354'),('265994246297'),('265994249489'),('265994254129'),('265994286793'),('265994287579'),('265994290243'),('265994291509'),('265994296175'),('265994328709'),('265994329509'),('265994366627'),('265994369209'),('265994371722'),('265994372709'),('265994375496'),('265994400755'),('265994410411'),('265994419503'),('265994422356'),('265994423343'),('265994428169'),('265994434951'),('265994442694'),('265994443585'),('265994444899'),('265994455102'),('265994457684'),('265994458990'),('265994471065'),('265994471511'),('265994471873'),('265994505883'),('265994516856'),('265994529278'),('265994529778'),('265994529943'),('265994531494'),('265994545907'),('265994548257'),('265994553216'),('265994555143'),('265994555230'),('265994557272'),('265994569794'),('265994572010'),('265994573975'),('265994574689'),('265994584859'),('265994589770'),('265994611308'),('265994615995'),('265994620055'),('265994621293'),('265994657914'),('265994662226'),('265994662285'),('265994665777'),('265994681374'),('265994741695'),('265994745362'),('265994751312'),('265994766300'),('265994772078'),('265994792052'),('265994826342'),('265994832906'),('265994847220'),('265994865889'),('265994888700'),('265994896665'),('265994898587'),('265994915996'),('265995023043'),('265995047775'),('265995047976'),('265995056907'),('265995068859'),('265995072731'),('265995082902'),('265995101534'),('265995104096'),('265995108271'),('265995118452'),('265995125690'),('265995127681'),('265995138921'),('265995140221'),('265995140264'),('265995140288'),('265995140396'),('265995154761'),('265995162091'),('265995169261'),('265995176279'),('265995179664'),('265995181227'),('265995185222'),('265995190623'),('265995191923'),('265995193327'),('265995195297'),('265995210319'),('265995211605'),('265995215587'),('265995219945'),('265995221311'),('265995227193'),('265995227271'),('265995228292'),('265995229370'),('265995229975'),('265995232497'),('265995232941'),('265995233535'),('265995239390'),('265995241151'),('265995241519'),('265995245410'),('265995249184'),('265995249260'),('265995250210'),('265995250575'),('265995251544'),('265995252946'),('265995253184'),('265995254279'),('265995257682'),('265995260987'),('265995264063'),('265995264065'),('265995268594'),('265995271671'),('265995273690'),('265995273748'),('265995283184'),('265995283485'),('265995284426'),('265995288249'),('265995291520'),('265995298524'),('265995300504'),('265995301881'),('265995305503'),('265995306837'),('265995317322'),('265995317506'),('265995320975'),('265995335114'),('265995338422'),('265995344026'),('265995344899'),('265995344902'),('265995345012'),('265995345268'),('265995349107'),('265995352054'),('265995352062'),('265995368484'),('265995369222'),('265995372550'),('265995377858'),('265995379238'),('265995380421'),('265995381486'),('265995382825'),('265995384383'),('265995385232'),('265995386477'),('265995388281'),('265995397778'),('265995410926'),('265995411048'),('265995412973'),('265995414533'),('265995415522'),('265995421090'),('265995425420'),('265995427341'),('265995428363'),('265995429997'),('265995430380'),('265995430537'),('265995440455'),('265995443242'),('265995443636'),('265995443892'),('265995444139'),('265995444589'),('265995447741'),('265995450134'),('265995450237'),('265995455057'),('265995459649'),('265995460072'),('265995460517'),('265995462891'),('265995463258'),('265995463678'),('265995465398'),('265995465517'),('265995465608'),('265995470141'),('265995475380'),('265995475402'),('265995476015'),('265995477725'),('265995478591'),('265995479979'),('265995488697'),('265995490192'),('265995491301'),('265995493304'),('265995498371'),('265995507055'),('265995508620'),('265995511105'),('265995522121'),('265995528410'),('265995542240'),('265995560007'),('265995566223'),('265995571547'),('265995576939'),('265995582926'),('265995586098'),('265995610191'),('265995616815'),('265995618260'),('265995619316'),('265995619563'),('265995619979'),('265995620517'),('265995620992'),('265995624126'),('265995627097'),('265995630669'),('265995633846'),('265995638537'),('265995638845'),('265995639702'),('265995646979'),('265995654044'),('265995658689'),('265995659486'),('265995668518'),('265995669487'),('265995673154'),('265995676583'),('265995678844'),('265995681057'),('265995683006'),('265995683097'),('265995686325'),('265995696912'),('265995700860'),('265995710383'),('265995712955'),('265995715950'),('265995718495'),('265995719034'),('265995725497'),('265995725842'),('265995727573'),('265995728228'),('265995728236'),('265995736564'),('265995738815'),('265995742300'),('265995742430'),('265995742763'),('265995764178'),('265995766068'),('265995778000'),('265995780328'),('265995787629'),('265995788593'),('265995794468'),('265995794473'),('265995797645'),('265995799926'),('265995804484'),('265995804783'),('265995815782'),('265995825722'),('265995842209'),('265995850607'),('265995860011'),('265995866956'),('265995869504'),('265995878908'),('265995884427'),('265995886986'),('265995887418'),('265995902914'),('265995907560'),('265995912764'),('265995914640'),('265995918541'),('265995932407'),('265995936043'),('265995937863'),('265995938541'),('265995944549'),('265995961024'),('265995970450'),('265995971354'),('265995972539'),('265995974800'),('265995978313'),('265996000180'),('265996001066'),('265996001776'),('265996003263'),('265996004143'),('265996005819'),('265996009336'),('265996010883'),('265996022726'),('265996031900'),('265996035131'),('265996036552'),('265996037422'),('265996039519'),('265996042150'),('265996044199'),('265996044234'),('265996045027'),('265996058141'),('265996066629'),('265996069901'),('265996075784'),('265996076771'),('265996097045'),('265996097804'),('265996098075'),('265996099860'),('265996106146'),('265996113200'),('265996131673'),('265996141568'),('265996151926'),('265996161056'),('265996164336'),('265996164490'),('265996166163'),('265996168050'),('265996171999'),('265996174303'),('265996177665'),('265996199753'),('265996216656'),('265996216704'),('265996219678'),('265996229770'),('265996247796'),('265996248038'),('265996265102'),('265996273311'),('265996277483'),('265996283528'),('265996286717'),('265996287093'),('265996305858'),('265996330343'),('265996358636'),('265996374747'),('265996380800'),('265996384005'),('265996385837'),('265996397035'),('265996398432'),('265996408030'),('265996408861'),('265996412950'),('265996416050'),('265996421989'),('265996426326'),('265996427123'),('265996439656'),('265996460824'),('265996462959'),('265996464914'),('265996479286'),('265996497907'),('265996500477'),('265996516309'),('265996524772'),('265996532425'),('265996541101'),('265996549626'),('265996552465'),('265996561395'),('265996573660'),('265996607796'),('265996608196'),('265996608206'),('265996612582'),('265996613748'),('265996648648'),('265996655178'),('265996657220'),('265996666123'),('265996690045'),('265996699846'),('265996703500'),('265996715220'),('265996744355'),('265996747647'),('265996770591'),('265996774212'),('265996784265'),('265996800384'),('265996805780'),('265996834901'),('265996835322'),('265996841929'),('265996843780'),('265996930127'),('265996941771'),('265996944421'),('265996950793'),('265996963650'),('265996969055'),('265996980028'),('265996980117'),('265996983974'),('265997001375'),('265997002589'),('265997005698'),('265997021610'),('265997040447'),('265997040463'),('265997040501'),('265997060492'),('265997080755'),('265997081158'),('265997102884'),('265997107990'),('265997130204'),('265997133793'),('265997133869'),('265997156945'),('265997163913'),('265997170590'),('265997177353'),('265997187253'),('265997205675'),('265997205865'),('265997205900'),('265997212509'),('265997216702'),('265997218913'),('265997227217'),('265997244104'),('265997251950'),('265997258312'),('265997264093'),('265997264134'),('265997275262'),('265997276063'),('265997312312'),('265997353763'),('265997365670'),('265997366834'),('265997368476'),('265997370025'),('265997386510'),('265997397686'),('265997417489'),('265997450230'),('265997461435'),('265997462977'),('265997463564'),('265997472727'),('265997476133'),('265997514972'),('265997519300'),('265997535735'),('265997540246'),('265997550737'),('265997553587'),('265997555131'),('265997556518'),('265997577465'),('265997582862'),('265997589412'),('265997601051'),('265997603856'),('265997608757'),('265997620403'),('265997620811'),('265997624606'),('265997638382'),('265997651520'),('265997694887'),('265997702095'),('265997711049'),('265997722244'),('265997731677'),('265997740758'),('265997751306'),('265997755427'),('265997755429'),('265997776951'),('265997781531'),('265997789744'),('265997795369'),('265997797451'),('265997884977'),('265997885395'),('265997902042'),('265997913015'),('265997916445'),('265997932674'),('265997932955'),('265997933315'),('265997933597'),('265997936523'),('265997951351'),('265997955752'),('265997955820'),('265997958574'),('265997975569'),('265997988460'),('265998000178'),('265998003585'),('265998010261'),('265998028510'),('265998067879'),('265998074047'),('265998083505'),('265998084013'),('265998095663'),('265998100165'),('265998105095'),('265998110101'),('265998131940'),('265998136572'),('265998142667'),('265998142830'),('265998148992'),('265998164009'),('265998170800'),('265998185461'),('265998186949'),('265998196051'),('265998197708'),('265998197743'),('265998209070'),('265998227198'),('265998246215'),('265998246329'),('265998249226'),('265998250400'),('265998261507'),('265998277943'),('265998286110'),('265998307248'),('265998343280'),('265998345447'),('265998356698'),('265998362145'),('265998365443'),('265998372498'),('265998392844'),('265998401140'),('265998411292'),('265998427700'),('265998439607'),('265998456822'),('265998463696'),('265998468496'),('265998468524'),('265998472382'),('265998483022'),('265998487422'),('265998500666'),('265998505695'),('265998508775'),('265998511349'),('265998514895'),('265998517616'),('265998542245'),('265998567002'),('265998575266'),('265998585720'),('265998588106'),('265998598316'),('265998599057'),('265998622153'),('265998622293'),('265998630609'),('265998636788'),('265998654270'),('265998681237'),('265998687666'),('265998698431'),('265998699229'),('265998700004'),('265998712356'),('265998713486'),('265998729155'),('265998731018'),('265998740553'),('265998747762'),('265998764444'),('265998771855'),('265998796460'),('265998815625'),('265998837360'),('265998844380'),('265998849521'),('265998884320'),('265998890317'),('265998893169'),('265998893888'),('265998952102'),('265998953350'),('265998969951'),('265999000988'),('265999002528'),('265999002831'),('265999003163'),('265999003319'),('265999003878'),('265999006749'),('265999007811'),('265999007854'),('265999011277'),('265999013106'),('265999013903'),('265999014462'),('265999016743'),('265999016831'),('265999019847'),('265999020898'),('265999022040'),('265999024499'),('265999027218'),('265999030697'),('265999036667'),('265999039009'),('265999040929'),('265999042815'),('265999044273'),('265999047124'),('265999047985'),('265999048088'),('265999052345'),('265999052489'),('265999053090'),('265999053476'),('265999055630'),('265999057624'),('265999058000'),('265999060574'),('265999061541'),('265999063796'),('265999069031'),('265999079470'),('265999079472'),('265999079764'),('265999083633'),('265999087681'),('265999088008'),('265999089104'),('265999089439'),('265999091724'),('265999091973'),('265999094121'),('265999094153'),('265999096544'),('265999097985'),('265999100633'),('265999100711'),('265999100923'),('265999102489'),('265999105334'),('265999105732'),('265999105994'),('265999107750'),('265999109321'),('265999110454'),('265999110486'),('265999110520'),('265999111440'),('265999116704'),('265999117070'),('265999117285'),('265999122773'),('265999126875'),('265999127996'),('265999129668'),('265999130280'),('265999134399'),('265999134710'),('265999136895'),('265999137755'),('265999138415'),('265999139232'),('265999139966'),('265999143012'),('265999143417'),('265999143429'),('265999144965'),('265999145325'),('265999145612'),('265999145851'),('265999146087'),('265999148673'),('265999150363'),('265999151480'),('265999152806'),('265999159420'),('265999161268'),('265999163526'),('265999164774'),('265999164923'),('265999164973'),('265999169012'),('265999169576'),('265999169902'),('265999173975'),('265999174813'),('265999176998'),('265999177572'),('265999181953'),('265999191322'),('265999191324'),('265999192673'),('265999194826'),('265999197498'),('265999198482'),('265999200431'),('265999206663'),('265999206925'),('265999210676'),('265999213163'),('265999213682'),('265999214082'),('265999214566'),('265999215259'),('265999215494'),('265999215722'),('265999215734'),('265999217342'),('265999217939'),('265999219601'),('265999223555'),('265999225340'),('265999225376'),('265999226961'),('265999228213'),('265999230522'),('265999230670'),('265999230940'),('265999231762'),('265999231763'),('265999231997'),('265999232669'),('265999232746'),('265999232762'),('265999233843'),('265999234594'),('265999235845'),('265999236337'),('265999239038'),('265999239369'),('265999239433'),('265999241536'),('265999242295'),('265999245693'),('265999246196'),('265999246217'),('265999246490'),('265999247501'),('265999248590'),('265999250686'),('265999251748'),('265999253633'),('265999254915'),('265999255889'),('265999256130'),('265999256887'),('265999257798'),('265999258034'),('265999258137'),('265999260815'),('265999260866'),('265999261239'),('265999261361'),('265999262045'),('265999262207'),('265999263915'),('265999264558'),('265999264661'),('265999267252'),('265999268740'),('265999268857'),('265999269219'),('265999270511'),('265999270857'),('265999270906'),('265999272978'),('265999273139'),('265999276100'),('265999276337'),('265999277874'),('265999280565'),('265999280808'),('265999281241'),('265999284649'),('265999286868'),('265999287209'),('265999287739'),('265999290763'),('265999291283'),('265999292922'),('265999294128'),('265999295629'),('265999297531'),('265999299242'),('265999301321'),('265999301981'),('265999302424'),('265999304368'),('265999309760'),('265999310003'),('265999311523'),('265999311911'),('265999313544'),('265999314503'),('265999314565'),('265999315047'),('265999315343'),('265999316584'),('265999317188'),('265999318356'),('265999320460'),('265999320466'),('265999320496'),('265999321616'),('265999323076'),('265999327421'),('265999329629'),('265999329735'),('265999330185'),('265999330631'),('265999331033'),('265999334640'),('265999335218'),('265999336073'),('265999336693'),('265999337722'),('265999339730'),('265999340411'),('265999340675'),('265999341680'),('265999341993'),('265999342196'),('265999342242'),('265999342386'),('265999342491'),('265999342750'),('265999345176'),('265999345755'),('265999346778'),('265999350534'),('265999352588'),('265999353788'),('265999354342'),('265999355404'),('265999355957'),('265999356089'),('265999356283'),('265999357084'),('265999357415'),('265999359385'),('265999360418'),('265999361233'),('265999361744'),('265999362563'),('265999363522'),('265999363698'),('265999364849'),('265999365361'),('265999365611'),('265999367802'),('265999369758'),('265999370252'),('265999370318'),('265999370512'),('265999370890'),('265999371450'),('265999372436'),('265999373279'),('265999373935'),('265999374264'),('265999374562'),('265999374730'),('265999376449'),('265999378995'),('265999381710'),('265999384935'),('265999385623'),('265999386698'),('265999387715'),('265999389233'),('265999392847'),('265999393253'),('265999394274'),('265999397567'),('265999397616'),('265999398579'),('265999400065'),('265999400565'),('265999400999'),('265999401206'),('265999401512'),('265999402402'),('265999406056'),('265999407393'),('265999407460'),('265999411008'),('265999413968'),('265999414498'),('265999417302'),('265999419179'),('265999421811'),('265999423989'),('265999424603'),('265999426059'),('265999426427'),('265999426704'),('265999429430'),('265999430180'),('265999432205'),('265999436153'),('265999436376'),('265999437533'),('265999438164'),('265999440491'),('265999440505'),('265999441211'),('265999441343'),('265999441484'),('265999442285'),('265999442826'),('265999445880'),('265999446248'),('265999446425'),('265999448313'),('265999449001'),('265999450208'),('265999450540'),('265999452627'),('265999455481'),('265999456401'),('265999459012'),('265999459677'),('265999459858'),('265999459914'),('265999460407'),('265999460748'),('265999461748'),('265999461830'),('265999462239'),('265999463856'),('265999464015'),('265999464932'),('265999467488'),('265999467747'),('265999467758'),('265999469606'),('265999469770'),('265999471687'),('265999471836'),('265999476257'),('265999476553'),('265999477572'),('265999477858'),('265999481048'),('265999486079'),('265999487435'),('265999488169'),('265999490427'),('265999492226'),('265999492380'),('265999494477'),('265999494643'),('265999494837'),('265999495058'),('265999495337'),('265999495626'),('265999496425'),('265999497267'),('265999497541'),('265999500100'),('265999500127'),('265999503784'),('265999511775'),('265999511847'),('265999520841'),('265999521530'),('265999525145'),('265999525662'),('265999526522'),('265999533649'),('265999534696'),('265999540480'),('265999542928'),('265999543452'),('265999543959'),('265999550552'),('265999551428'),('265999551441'),('265999552512'),('265999553628'),('265999555555'),('265999556644'),('265999558423'),('265999558427'),('265999558816'),('265999560403'),('265999561552'),('265999562256'),('265999562331'),('265999563011'),('265999565212'),('265999567037'),('265999568890'),('265999571697'),('265999577877'),('265999578654'),('265999585102'),('265999585777'),('265999586148'),('265999588582'),('265999594100'),('265999594114'),('265999595777'),('265999597670'),('265999598868'),('265999600362'),('265999600807'),('265999601188'),('265999601306'),('265999601974'),('265999602146'),('265999602361'),('265999603551'),('265999605518'),('265999606052'),('265999609759'),('265999611821'),('265999612160'),('265999612750'),('265999612958'),('265999614812'),('265999618715'),('265999618718'),('265999619433'),('265999620808'),('265999622359'),('265999624228'),('265999625805'),('265999632005'),('265999633073'),('265999633441'),('265999634008'),('265999639944'),('265999640339'),('265999642110'),('265999644239'),('265999646456'),('265999647519'),('265999647697'),('265999649926'),('265999650398'),('265999651521'),('265999653772'),('265999654723'),('265999655263'),('265999659556'),('265999660386'),('265999661157'),('265999661281'),('265999662087'),('265999662239'),('265999662700'),('265999662879'),('265999663872'),('265999664122'),('265999666419'),('265999666432'),('265999666960'),('265999668581'),('265999671229'),('265999672365'),('265999674413'),('265999675252'),('265999676473'),('265999676697'),('265999677604'),('265999679915'),('265999680001'),('265999680424'),('265999680621'),('265999683013'),('265999683327'),('265999685560'),('265999688451'),('265999690005'),('265999693140'),('265999693167'),('265999693308'),('265999693469'),('265999694595'),('265999696154'),('265999697474'),('265999699316'),('265999699909'),('265999703514'),('265999708845'),('265999710965'),('265999711134'),('265999719726'),('265999720589'),('265999720652'),('265999721080'),('265999721922'),('265999723534'),('265999724506'),('265999727644'),('265999728955'),('265999728981'),('265999733003'),('265999733288'),('265999734071'),('265999735425'),('265999737215'),('265999741624'),('265999744070'),('265999744230'),('265999744987'),('265999745402'),('265999746760'),('265999747135'),('265999747189'),('265999747221'),('265999747669'),('265999748616'),('265999749744'),('265999751092'),('265999751462'),('265999752923'),('265999754306'),('265999754485'),('265999754783'),('265999756263'),('265999757314'),('265999758141'),('265999758568'),('265999758809'),('265999759004'),('265999759756'),('265999759949'),('265999762119'),('265999762798'),('265999765245'),('265999767113'),('265999770110'),('265999770196'),('265999770281'),('265999771291'),('265999771994'),('265999772101'),('265999772196'),('265999774942'),('265999776087'),('265999777292'),('265999777770'),('265999780788'),('265999780905'),('265999781068'),('265999781809'),('265999783033'),('265999784467'),('265999784574'),('265999787882'),('265999789555'),('265999790096'),('265999790887'),('265999794175'),('265999794840'),('265999798531'),('265999799294'),('265999800829'),('265999802842'),('265999803055'),('265999807853'),('265999809415'),('265999810408'),('265999812074'),('265999815063'),('265999815747'),('265999816402'),('265999834035'),('265999852456'),('265999852521'),('265999859352'),('265999862842'),('265999872202'),('265999875421'),('265999879769'),('265999881982'),('265999883333'),('265999886320'),('265999898515'),('265999898549'),('265999898954'),('265999899553'),('265999910423'),('265999910568'),('265999911090'),('265999912085'),('265999913680'),('265999916537'),('265999918128'),('265999919297'),('265999919462'),('265999919517'),('265999919588'),('265999920413'),('265999920954'),('265999921245'),('265999921399'),('265999921990'),('265999922050'),('265999922917'),('265999924249'),('265999924315'),('265999924611'),('265999927226'),('265999927340'),('265999928249'),('265999928693'),('265999928869'),('265999929555'),('265999930177'),('265999931700'),('265999931747'),('265999935017'),('265999935909'),('265999936349'),('265999937204'),('265999937834'),('265999939047'),('265999940027'),('265999942115'),('265999942426'),('265999942954'),('265999944028'),('265999944235'),('265999944592'),('265999945437'),('265999946694'),('265999946864'),('265999950410'),('265999950828'),('265999952986'),('265999953039'),('265999954192'),('265999954457'),('265999955298'),('265999955537'),('265999955635'),('265999955907'),('265999956497'),('265999956595'),('265999957331'),('265999957470'),('265999957474'),('265999958798'),('265999959670'),('265999959789'),('265999964116'),('265999992008'),('265999993405'),('265999999999'),('268886631021'),('269999454563');
/*!40000 ALTER TABLE `numberstwo` ENABLE KEYS */;
UNLOCK TABLES;

--
-- Table structure for table `payment_type`
--

DROP TABLE IF EXISTS `payment_type`;
/*!40101 SET @saved_cs_client     = @@character_set_client */;
/*!40101 SET character_set_client = utf8 */;
CREATE TABLE `payment_type` (
  `id` int(11) NOT NULL,
  `name` varchar(145) NOT NULL,
  PRIMARY KEY (`id`)
) ENGINE=MyISAM DEFAULT CHARSET=latin1;
/*!40101 SET character_set_client = @saved_cs_client */;

--
-- Dumping data for table `payment_type`
--

LOCK TABLES `payment_type` WRITE;
/*!40000 ALTER TABLE `payment_type` DISABLE KEYS */;
INSERT INTO `payment_type` VALUES (1,'School Fees'),(2,'Lost Book');
/*!40000 ALTER TABLE `payment_type` ENABLE KEYS */;
UNLOCK TABLES;

--
-- Table structure for table `payments`
--

DROP TABLE IF EXISTS `payments`;
/*!40101 SET @saved_cs_client     = @@character_set_client */;
/*!40101 SET character_set_client = utf8 */;
CREATE TABLE `payments` (
  `id` int(11) NOT NULL AUTO_INCREMENT,
  `amount` decimal(50,2) NOT NULL,
  `date_paid` date NOT NULL,
  `ref_num` varchar(145) NOT NULL,
  `remarks` text DEFAULT NULL,
  `payment_type_id` int(11) NOT NULL,
  `students_student_no` varchar(255) NOT NULL,
  `academic_year` year(4) NOT NULL,
  `term` int(11) DEFAULT NULL,
  `books_id` int(11) DEFAULT NULL,
  PRIMARY KEY (`id`),
  KEY `payment_type_id` (`payment_type_id`),
  KEY `students_student_no` (`students_student_no`),
  KEY `FK_book_id` (`books_id`)
) ENGINE=MyISAM AUTO_INCREMENT=17 DEFAULT CHARSET=latin1;
/*!40101 SET character_set_client = @saved_cs_client */;

--
-- Dumping data for table `payments`
--

LOCK TABLES `payments` WRITE;
/*!40000 ALTER TABLE `payments` DISABLE KEYS */;
INSERT INTO `payments` VALUES (16,50000.00,'2020-06-18','3Z8oSd0Ub0AJdSrUNNgwnBLYRXDDssKk3TRepqtE','remarks',1,'LPS/S/1',2020,1,NULL),(8,800.00,'2020-06-13','Ycz0eoI0Hg',NULL,2,'LPS/S/5',2020,1,1),(13,7000.00,'2020-06-18','O9yhaYBZikykiURDHAcjth2Xz0dbmFBobyA0Mx1i','paid in full',1,'LPS/S/1',2020,1,NULL),(15,50000.00,'2020-06-18','Khgx5IcFFDWyTMNpvimQleSNxbhfe6I0qUupyhnz','remarks',1,'LPS/S/1',2020,1,NULL);
/*!40000 ALTER TABLE `payments` ENABLE KEYS */;
UNLOCK TABLES;

--
-- Table structure for table `roles`
--

DROP TABLE IF EXISTS `roles`;
/*!40101 SET @saved_cs_client     = @@character_set_client */;
/*!40101 SET character_set_client = utf8 */;
CREATE TABLE `roles` (
  `id` int(11) NOT NULL,
  `name` varchar(45) NOT NULL,
  PRIMARY KEY (`id`)
) ENGINE=InnoDB DEFAULT CHARSET=utf8;
/*!40101 SET character_set_client = @saved_cs_client */;

--
-- Dumping data for table `roles`
--

LOCK TABLES `roles` WRITE;
/*!40000 ALTER TABLE `roles` DISABLE KEYS */;
INSERT INTO `roles` VALUES (10,'Admin'),(20,'Teachers'),(30,'Students'),(40,'Librarian'),(50,'Guardian'),(60,'Accountant');
/*!40000 ALTER TABLE `roles` ENABLE KEYS */;
UNLOCK TABLES;

--
-- Table structure for table `settings`
--

DROP TABLE IF EXISTS `settings`;
/*!40101 SET @saved_cs_client     = @@character_set_client */;
/*!40101 SET character_set_client = utf8 */;
CREATE TABLE `settings` (
  `id` int(11) NOT NULL AUTO_INCREMENT,
  `academic_year` year(4) NOT NULL,
  `term` int(11) NOT NULL,
  `fees` decimal(50,2) NOT NULL,
  `status` int(11) NOT NULL DEFAULT 1,
  PRIMARY KEY (`id`)
) ENGINE=InnoDB AUTO_INCREMENT=2 DEFAULT CHARSET=utf8;
/*!40101 SET character_set_client = @saved_cs_client */;

--
-- Dumping data for table `settings`
--

LOCK TABLES `settings` WRITE;
/*!40000 ALTER TABLE `settings` DISABLE KEYS */;
INSERT INTO `settings` VALUES (1,2020,1,50000.00,1);
/*!40000 ALTER TABLE `settings` ENABLE KEYS */;
UNLOCK TABLES;

--
-- Table structure for table `settings_trail`
--

DROP TABLE IF EXISTS `settings_trail`;
/*!40101 SET @saved_cs_client     = @@character_set_client */;
/*!40101 SET character_set_client = utf8 */;
CREATE TABLE `settings_trail` (
  `id` int(11) NOT NULL,
  `academic_year` year(4) NOT NULL,
  `term` int(11) NOT NULL,
  `fees` decimal(50,2) NOT NULL,
  `status` int(11) NOT NULL DEFAULT 1,
  PRIMARY KEY (`id`)
) ENGINE=InnoDB DEFAULT CHARSET=utf8;
/*!40101 SET character_set_client = @saved_cs_client */;

--
-- Dumping data for table `settings_trail`
--

LOCK TABLES `settings_trail` WRITE;
/*!40000 ALTER TABLE `settings_trail` DISABLE KEYS */;
/*!40000 ALTER TABLE `settings_trail` ENABLE KEYS */;
UNLOCK TABLES;

--
-- Table structure for table `staff`
--

DROP TABLE IF EXISTS `staff`;
/*!40101 SET @saved_cs_client     = @@character_set_client */;
/*!40101 SET character_set_client = utf8 */;
CREATE TABLE `staff` (
  `id` varchar(255) NOT NULL,
  `firstname` varchar(45) NOT NULL,
  `middlename` varchar(45) DEFAULT NULL,
  `lastname` varchar(45) NOT NULL,
  `dob` date DEFAULT NULL,
  `phone` varchar(45) NOT NULL,
  `email` varchar(255) NOT NULL,
  `address` varchar(165) DEFAULT NULL,
  `qualifications` varchar(145) DEFAULT NULL,
  `no_of_years_experience` int(11) DEFAULT NULL,
  `date_joined` date DEFAULT NULL,
  `marital_status` int(11) DEFAULT 0,
  `name_of_spouse` varchar(145) DEFAULT NULL,
  `number_of_children` int(11) DEFAULT NULL,
  PRIMARY KEY (`id`)
) ENGINE=InnoDB DEFAULT CHARSET=utf8;
/*!40101 SET character_set_client = @saved_cs_client */;

--
-- Dumping data for table `staff`
--

LOCK TABLES `staff` WRITE;
/*!40000 ALTER TABLE `staff` DISABLE KEYS */;
INSERT INTO `staff` VALUES ('01823567','Sujata','','Gwangwala','1988-01-22','01823567','sujata@gmail.com','Box 1294, Blantyre','BSc',5,'2020-02-24',1,'NA',2),('0212463690','Wyness','','Chisenga','2020-03-09','0212463690','wyness@gmail.com','Box 1294, Blantyre','BSc',6,'2020-02-24',1,'NA',1),('0777777777','Fatsani','','Thom','2010-03-03','0777777777','fatsani@gmail.com','Box 1294, Blantyre','BSc',6,'2019-12-02',0,'NA',0);
/*!40000 ALTER TABLE `staff` ENABLE KEYS */;
UNLOCK TABLES;

--
-- Table structure for table `student_count`
--

DROP TABLE IF EXISTS `student_count`;
/*!40101 SET @saved_cs_client     = @@character_set_client */;
/*!40101 SET character_set_client = utf8 */;
CREATE TABLE `student_count` (
  `id` int(11) NOT NULL,
  `student_count` int(11) DEFAULT NULL,
  PRIMARY KEY (`id`)
) ENGINE=InnoDB DEFAULT CHARSET=utf8;
/*!40101 SET character_set_client = @saved_cs_client */;

--
-- Dumping data for table `student_count`
--

LOCK TABLES `student_count` WRITE;
/*!40000 ALTER TABLE `student_count` DISABLE KEYS */;
INSERT INTO `student_count` VALUES (10,7);
/*!40000 ALTER TABLE `student_count` ENABLE KEYS */;
UNLOCK TABLES;

--
-- Table structure for table `student_status`
--

DROP TABLE IF EXISTS `student_status`;
/*!40101 SET @saved_cs_client     = @@character_set_client */;
/*!40101 SET character_set_client = utf8 */;
CREATE TABLE `student_status` (
  `id` int(11) NOT NULL,
  `name` varchar(45) NOT NULL,
  PRIMARY KEY (`id`)
) ENGINE=InnoDB DEFAULT CHARSET=utf8;
/*!40101 SET character_set_client = @saved_cs_client */;

--
-- Dumping data for table `student_status`
--

LOCK TABLES `student_status` WRITE;
/*!40000 ALTER TABLE `student_status` DISABLE KEYS */;
INSERT INTO `student_status` VALUES (0,'Inactive'),(1,'Active'),(2,'Graduated');
/*!40000 ALTER TABLE `student_status` ENABLE KEYS */;
UNLOCK TABLES;

--
-- Table structure for table `students`
--

DROP TABLE IF EXISTS `students`;
/*!40101 SET @saved_cs_client     = @@character_set_client */;
/*!40101 SET character_set_client = utf8 */;
CREATE TABLE `students` (
  `student_no` varchar(45) NOT NULL,
  `firstname` varchar(45) NOT NULL,
  `middlename` varchar(45) DEFAULT NULL,
  `lastname` varchar(45) NOT NULL,
  `dob` date NOT NULL,
  `place_of_birth` varchar(45) DEFAULT NULL,
  `country_of_birth` varchar(45) DEFAULT NULL,
  `nationality` varchar(45) DEFAULT NULL,
  `home_language` varchar(45) DEFAULT NULL,
  `year_of_entry` year(4) DEFAULT NULL,
  `sporting_interests` varchar(45) DEFAULT NULL,
  `musical_interests` varchar(45) DEFAULT NULL,
  `other_interests` varchar(45) DEFAULT NULL,
  `medical_information` varchar(145) DEFAULT NULL,
  `other_schools_attended` varchar(145) DEFAULT NULL,
  `student_picture` varchar(255) DEFAULT NULL,
  `home_doctor` varchar(85) DEFAULT NULL,
  `admission_date` date DEFAULT NULL,
  `leaving_date` date DEFAULT NULL,
  `blood_type_id` int(11) NOT NULL,
  `student_status_id` int(11) NOT NULL,
  `sub_classes_id` int(11) NOT NULL,
  `guardians_id` varchar(45) NOT NULL,
  `gender_id` int(11) NOT NULL,
  PRIMARY KEY (`student_no`),
  KEY `fk_students_blood_type1_idx` (`blood_type_id`),
  KEY `fk_students_student_status1_idx` (`student_status_id`),
  KEY `fk_students_sub_classes1_idx` (`sub_classes_id`),
  KEY `fk_students_guardians1_idx` (`guardians_id`),
  KEY `fk_students_gender1_idx` (`gender_id`),
  CONSTRAINT `fk_students_blood_type1` FOREIGN KEY (`blood_type_id`) REFERENCES `blood_type` (`id`) ON DELETE NO ACTION ON UPDATE NO ACTION,
  CONSTRAINT `fk_students_gender1` FOREIGN KEY (`gender_id`) REFERENCES `gender` (`id`) ON DELETE NO ACTION ON UPDATE NO ACTION,
  CONSTRAINT `fk_students_guardians1` FOREIGN KEY (`guardians_id`) REFERENCES `guardians` (`id`) ON DELETE NO ACTION ON UPDATE NO ACTION,
  CONSTRAINT `fk_students_student_status1` FOREIGN KEY (`student_status_id`) REFERENCES `student_status` (`id`) ON DELETE NO ACTION ON UPDATE NO ACTION,
  CONSTRAINT `fk_students_sub_classes1` FOREIGN KEY (`sub_classes_id`) REFERENCES `sub_classes` (`id`) ON DELETE NO ACTION ON UPDATE NO ACTION
) ENGINE=InnoDB DEFAULT CHARSET=utf8;
/*!40101 SET character_set_client = @saved_cs_client */;

--
-- Dumping data for table `students`
--

LOCK TABLES `students` WRITE;
/*!40000 ALTER TABLE `students` DISABLE KEYS */;
INSERT INTO `students` VALUES ('LPS/S/1','Shawn','BSC','Chisenga','2019-04-17','Adventist','Malawi','malawian','English, Chichewa',2020,'Basketball','Hiphop','Dancing','NA','NA','students/bball.png','NA','2020-03-02',NULL,1,1,1,'0886449677',1),('LPS/S/2','Lusu','','Chisenga','2019-06-10','Adventist','Malawi','malawian','English, Chichewa',2020,'Basketball','Hiphop','Dancing','NA','NA','students/bball.png','NA','2020-02-24',NULL,1,1,1,'0886449677',1),('LPS/S/3','Sam','','Chisenga','2018-11-07','Adventist','Malawi','malawian','English, Chichewa',2020,'Basketball','Hiphop','Dancing','NA','NA','students/bball.png','NA','2020-03-02',NULL,1,1,1,'0886449677',1),('LPS/S/4','Test','','Chisenga','2020-02-24','Adventist','Malawi','malawian','English, Chichewa',2020,'Basketball','Hiphop','Dancing','NA','NA','students/Jazz.jpg','NA','2020-02-27',NULL,1,1,1,'0886449677',1),('LPS/S/5','Bronny','','James','2019-11-26','Ohio','USA','American','English',2020,'Basketball','Hiphop','Dancing','NA','NA','students/mask.jpg','NA','2020-03-02',NULL,1,1,1,'0999999999',1),('LPS/S/6','Kyle','','Chisenga','2020-05-30','Blantyre','Malawi','Malawi','English, Chichewa',2015,'Basketball','Hiphop','NA','NA','NA','students/bball.png','NA','2020-05-29',NULL,1,1,5,'0886449677',1);
/*!40000 ALTER TABLE `students` ENABLE KEYS */;
UNLOCK TABLES;

--
-- Table structure for table `students_has_classes_has_subjects`
--

DROP TABLE IF EXISTS `students_has_classes_has_subjects`;
/*!40101 SET @saved_cs_client     = @@character_set_client */;
/*!40101 SET character_set_client = utf8 */;
CREATE TABLE `students_has_classes_has_subjects` (
  `students_student_no` varchar(45) NOT NULL,
  `classes_has_subjects_classes_id` int(11) NOT NULL,
  `classes_has_subjects_subjects_id` int(11) NOT NULL,
  PRIMARY KEY (`students_student_no`,`classes_has_subjects_classes_id`,`classes_has_subjects_subjects_id`),
  KEY `fk_students_has_classes_has_subjects_classes_has_subjects1_idx` (`classes_has_subjects_classes_id`,`classes_has_subjects_subjects_id`),
  KEY `fk_students_has_classes_has_subjects_students1_idx` (`students_student_no`),
  CONSTRAINT `fk_students_has_classes_has_subjects_classes_has_subjects1` FOREIGN KEY (`classes_has_subjects_classes_id`, `classes_has_subjects_subjects_id`) REFERENCES `classes_has_subjects` (`classes_id`, `subjects_id`) ON DELETE NO ACTION ON UPDATE NO ACTION,
  CONSTRAINT `fk_students_has_classes_has_subjects_students1` FOREIGN KEY (`students_student_no`) REFERENCES `students` (`student_no`) ON DELETE NO ACTION ON UPDATE NO ACTION
) ENGINE=InnoDB DEFAULT CHARSET=utf8;
/*!40101 SET character_set_client = @saved_cs_client */;

--
-- Dumping data for table `students_has_classes_has_subjects`
--

LOCK TABLES `students_has_classes_has_subjects` WRITE;
/*!40000 ALTER TABLE `students_has_classes_has_subjects` DISABLE KEYS */;
INSERT INTO `students_has_classes_has_subjects` VALUES ('LPS/S/2',1,1),('LPS/S/2',1,2),('LPS/S/2',1,3),('LPS/S/2',1,6),('LPS/S/2',1,7),('LPS/S/2',1,8),('LPS/S/2',1,9),('LPS/S/2',1,10),('LPS/S/2',1,15),('LPS/S/3',1,1),('LPS/S/3',1,2),('LPS/S/3',1,3),('LPS/S/3',1,6),('LPS/S/3',1,7),('LPS/S/3',1,8),('LPS/S/3',1,9),('LPS/S/3',1,10),('LPS/S/3',1,15),('LPS/S/4',1,1),('LPS/S/4',1,2),('LPS/S/4',1,3),('LPS/S/4',1,6),('LPS/S/4',1,7),('LPS/S/4',1,8),('LPS/S/4',1,9),('LPS/S/4',1,10),('LPS/S/4',1,15),('LPS/S/5',1,1),('LPS/S/5',1,2),('LPS/S/5',1,3),('LPS/S/5',1,6),('LPS/S/5',1,7),('LPS/S/5',1,8),('LPS/S/5',1,9),('LPS/S/5',1,10),('LPS/S/5',1,15),('LPS/S/6',2,1),('LPS/S/6',2,2),('LPS/S/6',2,3),('LPS/S/6',2,6),('LPS/S/6',2,7),('LPS/S/6',2,8),('LPS/S/6',2,9),('LPS/S/6',2,10),('LPS/S/6',2,15);
/*!40000 ALTER TABLE `students_has_classes_has_subjects` ENABLE KEYS */;
UNLOCK TABLES;

--
-- Table structure for table `sub_classes`
--

DROP TABLE IF EXISTS `sub_classes`;
/*!40101 SET @saved_cs_client     = @@character_set_client */;
/*!40101 SET character_set_client = utf8 */;
CREATE TABLE `sub_classes` (
  `id` int(11) NOT NULL,
  `name` varchar(45) NOT NULL,
  `classes_id` int(11) NOT NULL,
  PRIMARY KEY (`id`),
  KEY `fk_sub_classes_classes1_idx` (`classes_id`),
  CONSTRAINT `fk_sub_classes_classes1` FOREIGN KEY (`classes_id`) REFERENCES `classes` (`id`) ON DELETE NO ACTION ON UPDATE NO ACTION
) ENGINE=InnoDB DEFAULT CHARSET=utf8;
/*!40101 SET character_set_client = @saved_cs_client */;

--
-- Dumping data for table `sub_classes`
--

LOCK TABLES `sub_classes` WRITE;
/*!40000 ALTER TABLE `sub_classes` DISABLE KEYS */;
INSERT INTO `sub_classes` VALUES (1,'Form 1 West',1),(2,'Form 1 East',1),(3,'Form 1 North',1),(4,'Form 1 South',1),(5,'Form 2 West',2),(6,'Form 2 East',2),(7,'Form 2 North',2),(8,'Form 2 South',2),(9,'Form 3 West',3),(10,'Form 3 East',3),(11,'Form 3 North',3),(12,'Form 3 South',3),(13,'Form 4 North',4),(14,'Form 4 South',4),(15,'Form 5 North',5),(16,'Form 5 South',5),(17,'Form 6',6),(18,'Form 7',7);
/*!40000 ALTER TABLE `sub_classes` ENABLE KEYS */;
UNLOCK TABLES;

--
-- Table structure for table `sub_classes_has_assignments`
--

DROP TABLE IF EXISTS `sub_classes_has_assignments`;
/*!40101 SET @saved_cs_client     = @@character_set_client */;
/*!40101 SET character_set_client = utf8 */;
CREATE TABLE `sub_classes_has_assignments` (
  `sub_classes_id` int(11) NOT NULL,
  `assignments_id` int(11) NOT NULL,
  PRIMARY KEY (`sub_classes_id`,`assignments_id`),
  KEY `fk_sub_classes_has_assignments_assignments1_idx` (`assignments_id`),
  KEY `fk_sub_classes_has_assignments_sub_classes1_idx` (`sub_classes_id`),
  CONSTRAINT `fk_sub_classes_has_assignments_assignments1` FOREIGN KEY (`assignments_id`) REFERENCES `assignments` (`id`) ON DELETE NO ACTION ON UPDATE NO ACTION,
  CONSTRAINT `fk_sub_classes_has_assignments_sub_classes1` FOREIGN KEY (`sub_classes_id`) REFERENCES `sub_classes` (`id`) ON DELETE NO ACTION ON UPDATE NO ACTION
) ENGINE=InnoDB DEFAULT CHARSET=utf8;
/*!40101 SET character_set_client = @saved_cs_client */;

--
-- Dumping data for table `sub_classes_has_assignments`
--

LOCK TABLES `sub_classes_has_assignments` WRITE;
/*!40000 ALTER TABLE `sub_classes_has_assignments` DISABLE KEYS */;
INSERT INTO `sub_classes_has_assignments` VALUES (1,25),(1,26),(1,27),(1,28);
/*!40000 ALTER TABLE `sub_classes_has_assignments` ENABLE KEYS */;
UNLOCK TABLES;

--
-- Table structure for table `sub_classes_has_subjects`
--

DROP TABLE IF EXISTS `sub_classes_has_subjects`;
/*!40101 SET @saved_cs_client     = @@character_set_client */;
/*!40101 SET character_set_client = utf8 */;
CREATE TABLE `sub_classes_has_subjects` (
  `sub_classes_id` int(11) NOT NULL,
  `subjects_id` int(11) NOT NULL,
  `staff_id` varchar(255) NOT NULL,
  PRIMARY KEY (`sub_classes_id`,`subjects_id`),
  KEY `fk_sub_classes_has_subjects_subjects1_idx` (`subjects_id`),
  KEY `fk_sub_classes_has_subjects_sub_classes1_idx` (`sub_classes_id`),
  KEY `fk_sub_classes_has_subjects_staff1_idx` (`staff_id`),
  CONSTRAINT `fk_sub_classes_has_subjects_staff1` FOREIGN KEY (`staff_id`) REFERENCES `staff` (`id`) ON DELETE NO ACTION ON UPDATE NO ACTION,
  CONSTRAINT `fk_sub_classes_has_subjects_sub_classes1` FOREIGN KEY (`sub_classes_id`) REFERENCES `sub_classes` (`id`) ON DELETE NO ACTION ON UPDATE NO ACTION,
  CONSTRAINT `fk_sub_classes_has_subjects_subjects1` FOREIGN KEY (`subjects_id`) REFERENCES `subjects` (`id`) ON DELETE NO ACTION ON UPDATE NO ACTION
) ENGINE=InnoDB DEFAULT CHARSET=utf8;
/*!40101 SET character_set_client = @saved_cs_client */;

--
-- Dumping data for table `sub_classes_has_subjects`
--

LOCK TABLES `sub_classes_has_subjects` WRITE;
/*!40000 ALTER TABLE `sub_classes_has_subjects` DISABLE KEYS */;
INSERT INTO `sub_classes_has_subjects` VALUES (1,3,'0212463690'),(1,7,'0212463690');
/*!40000 ALTER TABLE `sub_classes_has_subjects` ENABLE KEYS */;
UNLOCK TABLES;

--
-- Table structure for table `subjects`
--

DROP TABLE IF EXISTS `subjects`;
/*!40101 SET @saved_cs_client     = @@character_set_client */;
/*!40101 SET character_set_client = utf8 */;
CREATE TABLE `subjects` (
  `id` int(11) NOT NULL,
  `name` varchar(45) NOT NULL,
  PRIMARY KEY (`id`)
) ENGINE=InnoDB DEFAULT CHARSET=utf8;
/*!40101 SET character_set_client = @saved_cs_client */;

--
-- Dumping data for table `subjects`
--

LOCK TABLES `subjects` WRITE;
/*!40000 ALTER TABLE `subjects` DISABLE KEYS */;
INSERT INTO `subjects` VALUES (1,'English Language'),(2,'English Literiture'),(3,'Mathematics'),(4,'Chemistry'),(5,'Physics'),(6,'Arts'),(7,'French'),(8,'Geography'),(9,'History'),(10,'ICT'),(11,'ICT Ptacticals'),(12,'Business Studies'),(13,'Accounts'),(14,'Economics'),(15,'Science');
/*!40000 ALTER TABLE `subjects` ENABLE KEYS */;
UNLOCK TABLES;

--
-- Table structure for table `submissions`
--

DROP TABLE IF EXISTS `submissions`;
/*!40101 SET @saved_cs_client     = @@character_set_client */;
/*!40101 SET character_set_client = utf8 */;
CREATE TABLE `submissions` (
  `students_student_no` varchar(45) NOT NULL,
  `assignments_id` int(11) NOT NULL,
  `marks` decimal(10,2) DEFAULT NULL,
  `submitted_assignment` varchar(255) NOT NULL,
  `date_submitted` date NOT NULL,
  PRIMARY KEY (`students_student_no`,`assignments_id`),
  KEY `fk_submissions_students1_idx` (`students_student_no`),
  KEY `fk_submissions_assignments1_idx` (`assignments_id`),
  CONSTRAINT `fk_submissions_assignments1` FOREIGN KEY (`assignments_id`) REFERENCES `assignments` (`id`) ON DELETE NO ACTION ON UPDATE NO ACTION,
  CONSTRAINT `fk_submissions_students1` FOREIGN KEY (`students_student_no`) REFERENCES `students` (`student_no`) ON DELETE NO ACTION ON UPDATE NO ACTION
) ENGINE=InnoDB DEFAULT CHARSET=utf8;
/*!40101 SET character_set_client = @saved_cs_client */;

--
-- Dumping data for table `submissions`
--

LOCK TABLES `submissions` WRITE;
/*!40000 ALTER TABLE `submissions` DISABLE KEYS */;
INSERT INTO `submissions` VALUES ('LPS/S/1',25,12.00,'services.docx','2020-05-28'),('LPS/S/1',26,10.00,'Mo&Mic for the Website.doc','2020-05-28'),('LPS/S/1',27,11.00,'IDEAS FOR EARTHLOOM WEBSITE.odt','2020-06-04'),('LPS/S/1',28,11.00,'Mitra Services.docx','2020-06-04');
/*!40000 ALTER TABLE `submissions` ENABLE KEYS */;
UNLOCK TABLES;

--
-- Table structure for table `terms`
--

DROP TABLE IF EXISTS `terms`;
/*!40101 SET @saved_cs_client     = @@character_set_client */;
/*!40101 SET character_set_client = utf8 */;
CREATE TABLE `terms` (
  `id` int(11) NOT NULL,
  `name` varchar(45) NOT NULL,
  PRIMARY KEY (`id`)
) ENGINE=InnoDB DEFAULT CHARSET=utf8;
/*!40101 SET character_set_client = @saved_cs_client */;

--
-- Dumping data for table `terms`
--

LOCK TABLES `terms` WRITE;
/*!40000 ALTER TABLE `terms` DISABLE KEYS */;
INSERT INTO `terms` VALUES (1,'Term 1'),(2,'Term 2'),(3,'Term 3');
/*!40000 ALTER TABLE `terms` ENABLE KEYS */;
UNLOCK TABLES;

--
-- Table structure for table `user_status`
--

DROP TABLE IF EXISTS `user_status`;
/*!40101 SET @saved_cs_client     = @@character_set_client */;
/*!40101 SET character_set_client = utf8 */;
CREATE TABLE `user_status` (
  `id` int(11) NOT NULL,
  `name` varchar(45) NOT NULL,
  PRIMARY KEY (`id`)
) ENGINE=InnoDB DEFAULT CHARSET=utf8;
/*!40101 SET character_set_client = @saved_cs_client */;

--
-- Dumping data for table `user_status`
--

LOCK TABLES `user_status` WRITE;
/*!40000 ALTER TABLE `user_status` DISABLE KEYS */;
INSERT INTO `user_status` VALUES (0,'Inactive'),(1,'Active');
/*!40000 ALTER TABLE `user_status` ENABLE KEYS */;
UNLOCK TABLES;

--
-- Table structure for table `users`
--

DROP TABLE IF EXISTS `users`;
/*!40101 SET @saved_cs_client     = @@character_set_client */;
/*!40101 SET character_set_client = utf8 */;
CREATE TABLE `users` (
  `username` varchar(255) NOT NULL,
  `firstname` varchar(45) NOT NULL,
  `middlename` varchar(45) DEFAULT NULL,
  `lastname` varchar(45) NOT NULL,
  `user_status_id` int(11) NOT NULL,
  `roles_id` int(11) NOT NULL,
  `password` varchar(255) NOT NULL,
  `date_added` datetime NOT NULL,
  PRIMARY KEY (`username`),
  KEY `fk_users_user_status1_idx` (`user_status_id`),
  KEY `fk_users_roles1_idx` (`roles_id`),
  CONSTRAINT `fk_users_roles1` FOREIGN KEY (`roles_id`) REFERENCES `roles` (`id`) ON DELETE NO ACTION ON UPDATE NO ACTION,
  CONSTRAINT `fk_users_user_status1` FOREIGN KEY (`user_status_id`) REFERENCES `user_status` (`id`) ON DELETE NO ACTION ON UPDATE NO ACTION
) ENGINE=InnoDB DEFAULT CHARSET=utf8;
/*!40101 SET character_set_client = @saved_cs_client */;

--
-- Dumping data for table `users`
--

LOCK TABLES `users` WRITE;
/*!40000 ALTER TABLE `users` DISABLE KEYS */;
INSERT INTO `users` VALUES ('0212463690','Wyness','','Chisenga',1,20,'$2y$10$ldDjbjV9ATbJt1OkiEx90e3fJEgzm.jwV1Ubfkh9xNYfymVk2hmFS\n','2020-03-19 01:49:00'),('0886449677','Blena','BSC','Chisenga',1,50,'$2y$10$H/gqvUtrii6BR14NCbmS6.dFd.AQP3niPLMQrTHpwea6fXoDVsvk6','2020-05-19 06:53:00'),('accountant','accountant',NULL,'accountant',1,60,'$2y$10$H/gqvUtrii6BR14NCbmS6.dFd.AQP3niPLMQrTHpwea6fXoDVsvk6','2020-05-19 06:53:00'),('admin@admin.com','admin','','admin',1,10,'$2y$10$H/gqvUtrii6BR14NCbmS6.dFd.AQP3niPLMQrTHpwea6fXoDVsvk6','0000-00-00 00:00:00'),('blena.c@gmail.com','Blena',NULL,'Chisenga',1,10,'$2y$10$Gj4zStb9dyoV2u.ZNnmndOCuFbwehMj9NEwceFfXCHEiWIRQNj3MS','0000-00-00 00:00:00'),('librarian@librarian.com','librarian','','librarian',1,40,'$2y$10$H/gqvUtrii6BR14NCbmS6.dFd.AQP3niPLMQrTHpwea6fXoDVsvk6','2020-05-19 06:53:00'),('LPS/S/1','Shawn','BSC','Chisenga',1,30,'$2y$10$H/gqvUtrii6BR14NCbmS6.dFd.AQP3niPLMQrTHpwea6fXoDVsvk6','2020-05-19 06:53:00'),('LPS/S/2','Lusu',NULL,'	Chisenga',1,30,'$2y$10$H/gqvUtrii6BR14NCbmS6.dFd.AQP3niPLMQrTHpwea6fXoDVsvk6','2020-05-19 06:53:00'),('LPS/S/6','Kyle','','Chisenga',1,30,'$2y$10$uZpnYo19JFb/6mPO23PQiO2UwfFHk3iZ3mF0LVRtsZ6Kdq964IMfC\n','2020-05-19 06:53:00');
/*!40000 ALTER TABLE `users` ENABLE KEYS */;
UNLOCK TABLES;
/*!40103 SET TIME_ZONE=@OLD_TIME_ZONE */;

/*!40101 SET SQL_MODE=@OLD_SQL_MODE */;
/*!40014 SET FOREIGN_KEY_CHECKS=@OLD_FOREIGN_KEY_CHECKS */;
/*!40014 SET UNIQUE_CHECKS=@OLD_UNIQUE_CHECKS */;
/*!40101 SET CHARACTER_SET_CLIENT=@OLD_CHARACTER_SET_CLIENT */;
/*!40101 SET CHARACTER_SET_RESULTS=@OLD_CHARACTER_SET_RESULTS */;
/*!40101 SET COLLATION_CONNECTION=@OLD_COLLATION_CONNECTION */;
/*!40111 SET SQL_NOTES=@OLD_SQL_NOTES */;

-- Dump completed on 2020-06-18 23:28:45
